2026/09/29 09:19:55.850, 0, 0, 73.56, 1695, 6251, 19195, 53
2026/09/29 09:19:55.951, 0, 0, 73.56, 1695, 6251, 19195, 53
2026/09/29 09:19:56.051, 0, 0, 73.56, 1695, 6251, 19195, 53
2026/09/29 09:19:56.151, 0, 0, 73.56, 1695, 6251, 19195, 53
2026/09/29 09:19:56.252, 0, 0, 73.56, 1695, 6251, 19195, 53
2026/09/29 09:19:56.352, 0, 0, 73.56, 1695, 6251, 19195, 53
2026/09/29 09:19:56.452, 0, 0, 69.63, 1500, 6251, 19203, 53
2026/09/29 09:19:56.552, 56, 42, 69.30, 1620, 6251, 19213, 55
2026/09/29 09:19:56.652, 56, 42, 78.17, 1200, 6251, 19213, 54
2026/09/29 09:19:56.752, 78, 40, 85.94, 1215, 6251, 19213, 56
2026/09/29 09:19:56.853, 78, 40, 85.84, 1665, 6251, 19213, 56
2026/09/29 09:19:56.953, 28, 12, 95.14, 1350, 6251, 19213, 55
2026/09/29 09:19:57.053, 28, 12, 97.47, 1455, 6251, 19233, 57
2026/09/29 09:19:57.153, 64, 61, 102.37, 1365, 6251, 19233, 57
2026/09/29 09:19:57.253, 64, 61, 106.89, 1320, 6251, 19233, 57
2026/09/29 09:19:57.354, 85, 80, 109.99, 1320, 6251, 19233, 58
2026/09/29 09:19:57.454, 85, 80, 138.88, 1350, 6251, 19233, 58
2026/09/29 09:19:57.554, 82, 78, 134.29, 1380, 6251, 19233, 58
2026/09/29 09:19:57.654, 82, 78, 142.53, 1395, 6251, 19233, 58
2026/09/29 09:19:57.754, 84, 78, 142.96, 1380, 6251, 19233, 58
2026/09/29 09:19:57.855, 84, 78, 143.48, 1380, 6251, 19233, 58
2026/09/29 09:19:57.955, 73, 71, 149.19, 1410, 6251, 19233, 59
2026/09/29 09:19:58.055, 73, 71, 149.12, 1320, 6251, 19233, 59
2026/09/29 09:19:58.155, 87, 81, 152.76, 1320, 6251, 19233, 59
2026/09/29 09:19:58.255, 87, 81, 152.28, 1335, 6251, 19233, 59
2026/09/29 09:19:58.356, 81, 77, 150.14, 1380, 6251, 19233, 59
2026/09/29 09:19:58.456, 81, 77, 150.14, 1380, 6251, 19233, 59
2026/09/29 09:19:58.556, 81, 77, 146.14, 1305, 6251, 19233, 59
2026/09/29 09:19:58.656, 81, 77, 147.74, 1380, 6251, 19233, 59
2026/09/29 09:19:58.756, 83, 77, 150.95, 1365, 6251, 19233, 59
2026/09/29 09:19:58.856, 83, 77, 151.30, 1365, 6251, 19233, 60
2026/09/29 09:19:58.957, 90, 84, 150.44, 1305, 6251, 19233, 60
2026/09/29 09:19:59.057, 90, 84, 149.71, 1305, 6251, 19233, 60
2026/09/29 09:19:59.157, 86, 81, 150.65, 1290, 6251, 19233, 60
2026/09/29 09:19:59.257, 86, 81, 148.96, 1275, 6251, 19233, 60
2026/09/29 09:19:59.357, 92, 85, 146.84, 1245, 6251, 19233, 60
2026/09/29 09:19:59.458, 92, 85, 147.10, 1290, 6251, 19233, 60
2026/09/29 09:19:59.558, 93, 86, 148.49, 1290, 6251, 19233, 60
2026/09/29 09:19:59.658, 93, 86, 151.09, 1380, 6251, 19233, 60
2026/09/29 09:19:59.759, 88, 82, 150.67, 1335, 6251, 19233, 60
2026/09/29 09:19:59.859, 88, 82, 149.99, 1350, 6251, 19233, 60
2026/09/29 09:19:59.959, 88, 82, 148.12, 1320, 6251, 19233, 60
2026/09/29 09:20:00.059, 88, 82, 146.45, 1275, 6251, 19233, 60
2026/09/29 09:20:00.159, 90, 83, 145.32, 1275, 6251, 19233, 60
2026/09/29 09:20:00.259, 90, 83, 148.02, 1275, 6251, 19233, 60
2026/09/29 09:20:00.360, 94, 87, 148.76, 1305, 6251, 19233, 60
2026/09/29 09:20:00.460, 94, 87, 150.47, 1365, 6251, 19233, 61
2026/09/29 09:20:00.560, 84, 80, 150.06, 1320, 6251, 19233, 61
2026/09/29 09:20:00.660, 84, 80, 149.20, 1290, 6251, 19233, 61
2026/09/29 09:20:00.760, 93, 86, 148.65, 1275, 6251, 19233, 61
2026/09/29 09:20:00.861, 93, 86, 145.26, 1260, 6251, 19233, 61
2026/09/29 09:20:00.961, 93, 86, 144.46, 1185, 6251, 19233, 61
2026/09/29 09:20:01.061, 93, 86, 147.37, 1305, 6251, 19233, 61
2026/09/29 09:20:01.161, 88, 81, 149.77, 1335, 6251, 19233, 61
2026/09/29 09:20:01.261, 88, 81, 151.99, 1320, 6251, 19233, 61
2026/09/29 09:20:01.362, 87, 81, 150.93, 1395, 6251, 19233, 61
2026/09/29 09:20:01.462, 87, 81, 148.49, 1260, 6251, 19233, 61
2026/09/29 09:20:01.562, 85, 79, 147.93, 1320, 6251, 19233, 61
2026/09/29 09:20:01.662, 85, 79, 149.00, 1335, 6251, 19233, 62
2026/09/29 09:20:01.762, 85, 80, 149.55, 1365, 6251, 19233, 61
2026/09/29 09:20:01.862, 85, 80, 150.41, 1365, 6251, 19233, 62
2026/09/29 09:20:01.963, 83, 78, 150.73, 1245, 6251, 19233, 61
2026/09/29 09:20:02.063, 83, 78, 152.42, 1275, 6251, 19233, 62
2026/09/29 09:20:02.163, 93, 87, 151.74, 1305, 6251, 19233, 61
2026/09/29 09:20:02.263, 93, 87, 151.36, 1335, 6251, 19233, 62
2026/09/29 09:20:02.363, 88, 82, 151.11, 1350, 6251, 19233, 62
2026/09/29 09:20:02.464, 88, 82, 150.99, 1395, 6251, 19233, 62
2026/09/29 09:20:02.564, 81, 75, 153.19, 1290, 6251, 19233, 62
2026/09/29 09:20:02.664, 81, 75, 154.27, 1290, 6251, 19233, 62
2026/09/29 09:20:02.766, 88, 81, 153.48, 1290, 6251, 19233, 62
2026/09/29 09:20:02.866, 88, 81, 152.94, 1365, 6251, 19233, 62
2026/09/29 09:20:02.966, 86, 81, 153.39, 1380, 6251, 19233, 62
2026/09/29 09:20:03.066, 86, 81, 155.58, 1380, 6251, 19233, 62
2026/09/29 09:20:03.167, 86, 80, 152.81, 1245, 6251, 19233, 62
2026/09/29 09:20:03.267, 86, 80, 151.22, 1215, 6251, 19233, 62
2026/09/29 09:20:03.367, 91, 83, 149.98, 1290, 6251, 19233, 62
2026/09/29 09:20:03.467, 91, 83, 150.95, 1290, 6251, 19233, 62
2026/09/29 09:20:03.567, 88, 82, 151.10, 1350, 6251, 19233, 62
2026/09/29 09:20:03.668, 88, 82, 151.49, 1350, 6251, 19233, 63
2026/09/29 09:20:03.768, 90, 83, 149.53, 1290, 6251, 19233, 62
2026/09/29 09:20:03.872, 90, 83, 147.10, 1305, 6251, 19233, 63
2026/09/29 09:20:03.972, 92, 84, 146.91, 1245, 6251, 19233, 63
2026/09/29 09:20:04.072, 92, 84, 144.41, 1245, 6251, 19233, 63
2026/09/29 09:20:04.173, 93, 85, 145.59, 1245, 6251, 19233, 63
2026/09/29 09:20:04.273, 93, 85, 147.65, 1245, 6251, 19233, 62
2026/09/29 09:20:04.373, 82, 77, 148.52, 1350, 6251, 19233, 63
2026/09/29 09:20:04.473, 82, 77, 149.18, 1425, 6251, 19233, 63
2026/09/29 09:20:04.573, 88, 82, 145.20, 1215, 6251, 19233, 63
2026/09/29 09:20:04.674, 88, 82, 146.41, 1290, 6251, 19233, 63
2026/09/29 09:20:04.774, 86, 80, 147.33, 1290, 6251, 19233, 63
2026/09/29 09:20:04.876, 86, 80, 148.48, 1320, 6251, 19233, 63
2026/09/29 09:20:04.976, 81, 77, 150.58, 1410, 6251, 19233, 63
2026/09/29 09:20:05.076, 81, 77, 148.63, 1215, 6251, 19233, 63
2026/09/29 09:20:05.177, 89, 83, 149.79, 1260, 6251, 19233, 63
2026/09/29 09:20:05.277, 89, 83, 149.95, 1290, 6251, 19233, 63
2026/09/29 09:20:05.377, 85, 80, 149.62, 1350, 6251, 19233, 63
2026/09/29 09:20:05.477, 85, 80, 150.29, 1290, 6251, 19233, 63
2026/09/29 09:20:05.577, 85, 79, 149.06, 1320, 6251, 19233, 63
2026/09/29 09:20:05.677, 85, 79, 148.98, 1215, 6251, 19233, 63
2026/09/29 09:20:05.778, 47, 44, 149.25, 1290, 6251, 19233, 63
2026/09/29 09:20:05.878, 47, 44, 139.89, 1665, 6251, 19233, 62
2026/09/29 09:20:05.978, 0, 0, 131.80, 1680, 6251, 19233, 61
2026/09/29 09:20:06.078, 0, 0, 123.82, 1680, 6251, 19247, 61
2026/09/29 09:20:06.178, 100, 44, 130.56, 1155, 6251, 19247, 62
2026/09/29 09:20:06.279, 100, 44, 131.25, 1185, 6251, 19247, 63
2026/09/29 09:20:06.379, 100, 44, 130.16, 1200, 6251, 19247, 63
2026/09/29 09:20:06.479, 100, 44, 130.17, 1170, 6251, 19247, 63
2026/09/29 09:20:06.579, 100, 43, 129.55, 1185, 6251, 19247, 64
2026/09/29 09:20:06.679, 100, 43, 130.58, 1200, 6251, 19247, 64
2026/09/29 09:20:06.780, 100, 43, 133.68, 1185, 6251, 19247, 64
2026/09/29 09:20:06.880, 100, 43, 132.31, 1185, 6251, 19247, 64
2026/09/29 09:20:06.980, 100, 38, 140.07, 1080, 6251, 19247, 64
2026/09/29 09:20:07.080, 100, 38, 146.76, 1185, 6251, 19247, 64
2026/09/29 09:20:07.180, 94, 41, 154.73, 1200, 6251, 19247, 64
2026/09/29 09:20:07.281, 94, 41, 150.60, 1170, 6251, 19247, 64
2026/09/29 09:20:07.381, 100, 42, 150.80, 1170, 6251, 19247, 64
2026/09/29 09:20:07.481, 100, 42, 150.52, 1185, 6251, 19247, 65
2026/09/29 09:20:07.581, 100, 43, 150.71, 1185, 6251, 19247, 65
2026/09/29 09:20:07.681, 100, 43, 150.83, 1200, 6251, 19247, 65
2026/09/29 09:20:07.781, 100, 43, 151.32, 1155, 6251, 19247, 65
2026/09/29 09:20:07.882, 100, 43, 150.73, 1110, 6251, 19247, 65
2026/09/29 09:20:07.982, 100, 41, 149.65, 1125, 6251, 19247, 65
2026/09/29 09:20:08.082, 100, 41, 149.30, 1185, 6251, 19247, 65
2026/09/29 09:20:08.182, 94, 40, 150.42, 1200, 6251, 19247, 65
2026/09/29 09:20:08.282, 94, 40, 150.25, 1185, 6251, 19247, 65
2026/09/29 09:20:08.382, 100, 43, 150.24, 1185, 6251, 19247, 65
2026/09/29 09:20:08.483, 100, 43, 150.03, 1215, 6251, 19247, 65
2026/09/29 09:20:08.583, 100, 43, 150.74, 1200, 6251, 19247, 65
2026/09/29 09:20:08.683, 100, 43, 150.63, 1200, 6251, 19247, 65
2026/09/29 09:20:08.783, 100, 43, 151.00, 1140, 6251, 19247, 65
2026/09/29 09:20:08.883, 100, 43, 150.14, 1125, 6251, 19247, 65
2026/09/29 09:20:08.984, 100, 41, 149.86, 1140, 6251, 19247, 65
2026/09/29 09:20:09.084, 100, 41, 150.36, 1125, 6251, 19247, 65
2026/09/29 09:20:09.184, 100, 43, 150.70, 1200, 6251, 19247, 65
2026/09/29 09:20:09.284, 100, 43, 150.39, 1170, 6251, 19247, 65
2026/09/29 09:20:09.384, 100, 43, 150.93, 1170, 6251, 19247, 66
2026/09/29 09:20:09.485, 100, 43, 150.17, 1185, 6251, 19247, 66
2026/09/29 09:20:09.585, 100, 43, 150.51, 1185, 6251, 19247, 66
2026/09/29 09:20:09.685, 100, 43, 149.91, 1215, 6251, 19247, 66
2026/09/29 09:20:09.785, 100, 42, 150.23, 1170, 6251, 19247, 66
2026/09/29 09:20:09.885, 100, 42, 149.57, 1185, 6251, 19247, 66
2026/09/29 09:20:09.985, 100, 40, 150.15, 1140, 6251, 19247, 66
2026/09/29 09:20:10.086, 100, 40, 149.98, 1185, 6251, 19247, 66
2026/09/29 09:20:10.186, 100, 43, 150.61, 1140, 6251, 19247, 66
2026/09/29 09:20:10.286, 100, 43, 150.23, 1185, 6251, 19247, 66
2026/09/29 09:20:10.386, 14, 6, 150.54, 1590, 6251, 19261, 65
2026/09/29 09:20:10.486, 14, 6, 142.09, 1320, 6251, 19261, 65
2026/09/29 09:20:10.587, 70, 32, 140.90, 1260, 6251, 19261, 66
2026/09/29 09:20:10.687, 70, 32, 141.26, 1170, 6251, 19261, 66
2026/09/29 09:20:10.787, 100, 42, 141.16, 1185, 6251, 19261, 66
2026/09/29 09:20:10.887, 100, 42, 140.23, 1170, 6251, 19261, 66
2026/09/29 09:20:10.987, 100, 42, 140.28, 1185, 6251, 19261, 66
2026/09/29 09:20:11.088, 100, 42, 139.90, 1185, 6251, 19261, 66
2026/09/29 09:20:11.188, 100, 42, 140.41, 1185, 6251, 19261, 66
2026/09/29 09:20:11.288, 100, 42, 140.12, 1035, 6251, 19261, 66
2026/09/29 09:20:11.388, 100, 40, 139.49, 1155, 6251, 19261, 66
2026/09/29 09:20:11.488, 100, 40, 138.27, 1185, 6251, 19261, 66
2026/09/29 09:20:11.588, 100, 42, 146.01, 1170, 6251, 19261, 66
2026/09/29 09:20:11.689, 100, 42, 147.88, 1215, 6251, 19261, 66
2026/09/29 09:20:11.789, 100, 42, 147.56, 1185, 6251, 19261, 66
2026/09/29 09:20:11.889, 100, 42, 147.52, 1200, 6251, 19261, 67
2026/09/29 09:20:11.989, 100, 42, 148.11, 1200, 6251, 19261, 67
2026/09/29 09:20:12.089, 100, 42, 148.48, 1200, 6251, 19261, 67
2026/09/29 09:20:12.190, 100, 42, 148.80, 1200, 6251, 19261, 67
2026/09/29 09:20:12.290, 100, 42, 148.82, 1155, 6251, 19261, 67
2026/09/29 09:20:12.390, 100, 40, 149.11, 1110, 6251, 19261, 67
2026/09/29 09:20:12.490, 100, 40, 149.95, 1185, 6251, 19261, 67
2026/09/29 09:20:12.590, 100, 42, 149.99, 1200, 6251, 19261, 67
2026/09/29 09:20:12.690, 100, 42, 150.10, 1170, 6251, 19261, 67
2026/09/29 09:20:12.791, 94, 40, 149.99, 1215, 6251, 19261, 67
2026/09/29 09:20:12.891, 94, 40, 149.99, 1185, 6251, 19261, 67
2026/09/29 09:20:12.991, 100, 41, 149.96, 1200, 6251, 19261, 67
2026/09/29 09:20:13.091, 100, 41, 149.89, 1185, 6251, 19261, 67
2026/09/29 09:20:13.191, 100, 42, 149.15, 1185, 6251, 19261, 67
2026/09/29 09:20:13.292, 100, 42, 149.08, 1125, 6251, 19261, 67
2026/09/29 09:20:13.392, 100, 40, 149.22, 1155, 6251, 19261, 67
2026/09/29 09:20:13.492, 100, 40, 149.46, 1155, 6251, 19261, 67
2026/09/29 09:20:13.592, 100, 41, 149.70, 1185, 6251, 19261, 67
2026/09/29 09:20:13.692, 100, 41, 149.80, 1170, 6251, 19261, 67
2026/09/29 09:20:13.792, 100, 42, 149.37, 1185, 6251, 19261, 67
2026/09/29 09:20:13.893, 100, 42, 149.06, 1215, 6251, 19261, 67
2026/09/29 09:20:13.993, 70, 38, 141.76, 1230, 6251, 19261, 66
2026/09/29 09:20:14.093, 70, 38, 139.13, 1305, 6251, 19261, 66
2026/09/29 09:20:14.193, 10, 2, 131.72, 1650, 6251, 19261, 66
2026/09/29 09:20:14.293, 10, 2, 131.66, 1110, 6251, 19261, 67
2026/09/29 09:20:14.394, 100, 40, 131.92, 1170, 6251, 19261, 67
2026/09/29 09:20:14.494, 100, 40, 131.87, 1155, 6251, 19261, 67
2026/09/29 09:20:14.594, 100, 40, 132.07, 1170, 6251, 19261, 67
2026/09/29 09:20:14.694, 100, 40, 131.91, 1155, 6251, 19261, 67
2026/09/29 09:20:14.794, 100, 40, 131.94, 1170, 6251, 19261, 68
2026/09/29 09:20:14.894, 100, 40, 132.00, 1155, 6251, 19261, 68
2026/09/29 09:20:14.995, 100, 40, 132.48, 1170, 6251, 19261, 68
2026/09/29 09:20:15.095, 100, 40, 137.79, 885, 6251, 19261, 67
2026/09/29 09:20:15.195, 100, 40, 140.30, 1155, 6251, 19261, 67
2026/09/29 09:20:15.295, 100, 40, 142.43, 1200, 6251, 19261, 67
2026/09/29 09:20:15.395, 27, 9, 135.53, 1590, 6251, 19263, 66
2026/09/29 09:20:15.496, 27, 9, 135.62, 1215, 6251, 19263, 67
2026/09/29 09:20:15.596, 34, 20, 128.30, 1530, 6251, 19263, 66
2026/09/29 09:20:15.696, 34, 20, 129.28, 1350, 6251, 19263, 67
2026/09/29 09:20:15.796, 78, 73, 128.78, 1365, 6251, 19263, 67
2026/09/29 09:20:15.896, 78, 73, 129.15, 1305, 6251, 19263, 67
2026/09/29 09:20:15.997, 90, 83, 130.42, 1395, 6251, 19263, 67
2026/09/29 09:20:16.097, 90, 83, 130.78, 1305, 6251, 19263, 67
2026/09/29 09:20:16.197, 80, 76, 133.29, 1290, 6251, 19263, 68
2026/09/29 09:20:16.297, 80, 76, 130.56, 1275, 6251, 19263, 67
2026/09/29 09:20:16.397, 87, 81, 137.59, 1350, 6251, 19263, 68
2026/09/29 09:20:16.498, 87, 81, 145.50, 1215, 6251, 19263, 67
2026/09/29 09:20:16.598, 91, 83, 145.10, 1245, 6251, 19263, 67
2026/09/29 09:20:16.698, 91, 83, 153.51, 1410, 6251, 19263, 68
2026/09/29 09:20:16.798, 87, 81, 150.43, 1245, 6251, 19263, 68
2026/09/29 09:20:16.898, 87, 81, 151.68, 1275, 6251, 19263, 67
2026/09/29 09:20:16.999, 90, 83, 152.13, 1305, 6251, 19263, 68
2026/09/29 09:20:17.099, 90, 83, 151.33, 1335, 6251, 19263, 68
2026/09/29 09:20:17.199, 85, 79, 150.87, 1350, 6251, 19263, 68
2026/09/29 09:20:17.299, 85, 79, 148.89, 1275, 6251, 19263, 68
2026/09/29 09:20:17.399, 89, 82, 149.77, 1245, 6251, 19263, 68
2026/09/29 09:20:17.499, 89, 82, 149.19, 1305, 6251, 19263, 68
2026/09/29 09:20:17.600, 85, 78, 148.77, 1320, 6251, 19263, 68
2026/09/29 09:20:17.700, 85, 78, 149.50, 1290, 6251, 19263, 68
2026/09/29 09:20:17.800, 85, 79, 147.10, 1230, 6251, 19263, 68
2026/09/29 09:20:17.900, 85, 79, 150.35, 1275, 6251, 19263, 68
2026/09/29 09:20:18.000, 88, 81, 150.85, 1305, 6251, 19263, 68
2026/09/29 09:20:18.101, 88, 81, 150.33, 1380, 6251, 19263, 68
2026/09/29 09:20:18.201, 81, 75, 148.05, 1230, 6251, 19263, 68
2026/09/29 09:20:18.301, 81, 75, 146.13, 1245, 6251, 19263, 68
2026/09/29 09:20:18.401, 87, 78, 148.53, 1365, 6251, 19263, 68
2026/09/29 09:20:18.501, 87, 78, 150.77, 1350, 6251, 19263, 68
2026/09/29 09:20:18.602, 88, 81, 149.04, 1335, 6251, 19263, 68
2026/09/29 09:20:18.702, 88, 81, 147.06, 1275, 6251, 19263, 68
2026/09/29 09:20:18.802, 91, 84, 147.54, 1290, 6251, 19263, 68
2026/09/29 09:20:18.902, 91, 84, 149.60, 1275, 6251, 19263, 68
2026/09/29 09:20:19.002, 81, 76, 149.24, 1410, 6251, 19263, 68
2026/09/29 09:20:19.102, 81, 76, 145.30, 1275, 6251, 19263, 68
2026/09/29 09:20:19.203, 90, 83, 145.94, 1290, 6251, 19263, 68
2026/09/29 09:20:19.303, 90, 83, 140.41, 1665, 6251, 19263, 67
2026/09/29 09:20:19.403, 44, 21, 146.74, 1395, 6251, 19263, 68
2026/09/29 09:20:19.503, 44, 21, 145.88, 1170, 6251, 19263, 68
2026/09/29 09:20:19.603, 100, 50, 145.38, 1185, 6251, 19263, 68
2026/09/29 09:20:19.704, 100, 50, 138.20, 1590, 6251, 19263, 67
2026/09/29 09:20:19.804, 74, 64, 141.46, 1380, 6251, 19263, 68
2026/09/29 09:20:19.904, 74, 64, 139.01, 1305, 6251, 19263, 68
2026/09/29 09:20:20.004, 82, 77, 137.86, 1275, 6251, 19263, 68
2026/09/29 09:20:20.104, 82, 77, 138.58, 1320, 6251, 19263, 68
2026/09/29 09:20:20.204, 79, 74, 141.79, 1380, 6251, 19263, 68
2026/09/29 09:20:20.305, 79, 74, 138.27, 1230, 6251, 19263, 68
2026/09/29 09:20:20.405, 87, 80, 146.99, 1290, 6251, 19263, 68
2026/09/29 09:20:20.505, 87, 80, 143.12, 1335, 6251, 19263, 69
2026/09/29 09:20:20.605, 11, 11, 135.66, 1650, 6251, 19263, 67
2026/09/29 09:20:20.705, 11, 11, 128.53, 1680, 6251, 19263, 66
2026/09/29 09:20:20.806, 84, 41, 136.37, 1125, 6251, 19263, 68
2026/09/29 09:20:20.906, 84, 41, 135.39, 1185, 6251, 19263, 68
2026/09/29 09:20:21.006, 60, 28, 129.09, 1470, 6251, 19283, 67
2026/09/29 09:20:21.106, 60, 28, 134.38, 1440, 6251, 19283, 68
2026/09/29 09:20:21.206, 92, 84, 133.34, 1275, 6251, 19283, 68
2026/09/29 09:20:21.306, 92, 84, 132.92, 1440, 6251, 19283, 68
2026/09/29 09:20:21.407, 79, 73, 133.28, 1275, 6251, 19283, 68
2026/09/29 09:20:21.507, 79, 73, 133.37, 1305, 6251, 19283, 68
2026/09/29 09:20:21.607, 81, 75, 132.77, 1335, 6251, 19283, 69
2026/09/29 09:20:21.707, 81, 75, 139.91, 1335, 6251, 19283, 69
2026/09/29 09:20:21.807, 81, 76, 144.75, 1275, 6251, 19283, 69
2026/09/29 09:20:21.910, 81, 76, 146.11, 1200, 6251, 19283, 69
2026/09/29 09:20:22.011, 80, 74, 146.07, 1305, 6251, 19283, 69
2026/09/29 09:20:22.111, 80, 74, 151.88, 1350, 6251, 19283, 69
2026/09/29 09:20:22.211, 86, 79, 148.09, 1305, 6251, 19283, 69
2026/09/29 09:20:22.311, 86, 79, 149.04, 1275, 6251, 19283, 69
2026/09/29 09:20:22.411, 81, 76, 151.95, 1380, 6251, 19283, 69
2026/09/29 09:20:22.512, 81, 76, 149.49, 1350, 6251, 19283, 69
2026/09/29 09:20:22.612, 88, 81, 149.55, 1275, 6251, 19283, 69
2026/09/29 09:20:22.712, 88, 81, 150.18, 1290, 6251, 19283, 69
2026/09/29 09:20:22.812, 85, 80, 150.93, 1290, 6251, 19283, 69
2026/09/29 09:20:22.912, 85, 80, 150.81, 1350, 6251, 19283, 69
2026/09/29 09:20:23.013, 89, 81, 147.55, 1350, 6251, 19283, 69
2026/09/29 09:20:23.113, 89, 81, 148.85, 1260, 6251, 19283, 69
2026/09/29 09:20:23.213, 81, 76, 151.47, 1290, 6251, 19283, 69
2026/09/29 09:20:23.313, 81, 76, 144.79, 1470, 6251, 19283, 68
2026/09/29 09:20:23.413, 7, 0, 136.08, 1680, 6251, 19283, 67
2026/09/29 09:20:23.513, 7, 0, 137.61, 1125, 6251, 19283, 69
2026/09/29 09:20:23.614, 100, 48, 140.31, 1170, 6251, 19283, 69
2026/09/29 09:20:23.714, 100, 48, 132.18, 1455, 6251, 19283, 68
2026/09/29 09:20:23.814, 37, 28, 136.16, 1395, 6251, 19283, 69
2026/09/29 09:20:23.914, 37, 28, 136.05, 1290, 6251, 19283, 69
2026/09/29 09:20:24.015, 80, 75, 135.91, 1365, 6251, 19283, 69
2026/09/29 09:20:24.115, 80, 75, 139.26, 1290, 6251, 19283, 69
2026/09/29 09:20:24.216, 83, 77, 138.89, 1275, 6251, 19283, 69
2026/09/29 09:20:24.316, 83, 77, 138.55, 1320, 6251, 19283, 69
2026/09/29 09:20:24.416, 80, 75, 141.76, 1380, 6251, 19283, 69
2026/09/29 09:20:24.516, 80, 75, 150.04, 1215, 6251, 19283, 69
2026/09/29 09:20:24.616, 81, 74, 148.21, 1260, 6251, 19283, 69
2026/09/29 09:20:24.716, 81, 74, 146.99, 1320, 6251, 19283, 69
2026/09/29 09:20:24.817, 81, 75, 151.35, 1410, 6251, 19283, 69
2026/09/29 09:20:24.917, 81, 75, 147.84, 1260, 6251, 19283, 69
2026/09/29 09:20:25.017, 81, 75, 147.96, 1290, 6251, 19283, 70
2026/09/29 09:20:25.117, 81, 75, 149.06, 1320, 6251, 19283, 69
2026/09/29 09:20:25.217, 84, 78, 147.47, 1365, 6251, 19283, 69
2026/09/29 09:20:25.318, 84, 78, 147.68, 1335, 6251, 19283, 70
2026/09/29 09:20:25.418, 61, 58, 143.10, 1335, 6251, 19283, 69
2026/09/29 09:20:25.518, 61, 58, 136.58, 1680, 6251, 19283, 68
2026/09/29 09:20:25.618, 64, 27, 137.95, 1140, 6251, 19283, 69
2026/09/29 09:20:25.718, 64, 27, 137.70, 1200, 6251, 19283, 69
2026/09/29 09:20:25.819, 100, 42, 138.78, 1200, 6251, 19283, 70
2026/09/29 09:20:25.919, 100, 42, 133.39, 1635, 6251, 19283, 68
2026/09/29 09:20:26.019, 71, 61, 132.83, 1290, 6251, 19283, 69
2026/09/29 09:20:26.119, 71, 61, 129.49, 1260, 6251, 19283, 69
2026/09/29 09:20:26.219, 92, 84, 130.84, 1305, 6251, 19283, 69
2026/09/29 09:20:26.320, 92, 84, 132.24, 1260, 6251, 19283, 70
2026/09/29 09:20:26.420, 87, 81, 131.28, 1245, 6251, 19283, 70
2026/09/29 09:20:26.520, 87, 81, 135.86, 1350, 6251, 19283, 70
2026/09/29 09:20:26.620, 84, 78, 142.74, 1350, 6251, 19283, 70
2026/09/29 09:20:26.720, 84, 78, 142.04, 1260, 6251, 19283, 70
2026/09/29 09:20:26.820, 80, 75, 141.74, 1245, 6251, 19283, 70
2026/09/29 09:20:26.921, 80, 75, 134.21, 1665, 6251, 19283, 68
2026/09/29 09:20:27.021, 14, 4, 137.87, 1680, 6251, 19283, 69
2026/09/29 09:20:27.121, 14, 4, 136.60, 1170, 6251, 19283, 69
2026/09/29 09:20:27.221, 100, 48, 139.87, 1170, 6251, 19283, 70
2026/09/29 09:20:27.321, 100, 48, 132.57, 1650, 6251, 19283, 68
2026/09/29 09:20:27.422, 75, 65, 132.26, 1320, 6251, 19283, 70
2026/09/29 09:20:27.522, 75, 65, 130.78, 1275, 6251, 19283, 70
2026/09/29 09:20:27.622, 84, 77, 133.04, 1335, 6251, 19283, 70
2026/09/29 09:20:27.722, 84, 77, 134.37, 1245, 6251, 19283, 70
2026/09/29 09:20:27.822, 80, 75, 133.44, 1305, 6251, 19283, 70
2026/09/29 09:20:27.923, 80, 75, 131.10, 1335, 6251, 19283, 70
2026/09/29 09:20:28.023, 87, 80, 140.01, 1275, 6251, 19283, 70
2026/09/29 09:20:28.123, 87, 80, 145.25, 1275, 6251, 19283, 70
2026/09/29 09:20:28.223, 80, 75, 145.77, 1245, 6251, 19283, 70
2026/09/29 09:20:28.323, 80, 75, 138.00, 1650, 6251, 19283, 69
2026/09/29 09:20:28.424, 9, 1, 138.48, 1680, 6251, 19283, 68
2026/09/29 09:20:28.524, 9, 1, 137.10, 1170, 6251, 19283, 70
2026/09/29 09:20:28.624, 100, 42, 138.23, 1200, 6251, 19283, 70
2026/09/29 09:20:28.724, 100, 42, 135.18, 1260, 6251, 19283, 70
2026/09/29 09:20:28.824, 17, 9, 131.54, 1680, 6251, 19283, 70
2026/09/29 09:20:28.924, 17, 9, 129.15, 1410, 6251, 19283, 69
2026/09/29 09:20:29.025, 86, 80, 132.76, 1260, 6251, 19283, 70
2026/09/29 09:20:29.125, 86, 80, 131.38, 1245, 6251, 19283, 70
2026/09/29 09:20:29.225, 81, 75, 129.83, 1335, 6251, 19283, 70
2026/09/29 09:20:29.325, 81, 75, 128.92, 1275, 6251, 19283, 70
2026/09/29 09:20:29.425, 88, 81, 138.06, 1260, 6251, 19283, 70
2026/09/29 09:20:29.526, 88, 81, 145.26, 1245, 6251, 19283, 70
2026/09/29 09:20:29.626, 84, 77, 145.92, 1260, 6251, 19283, 70
2026/09/29 09:20:29.726, 84, 77, 144.36, 1245, 6251, 19283, 70
2026/09/29 09:20:29.826, 85, 79, 145.93, 1290, 6251, 19283, 70
2026/09/29 09:20:29.926, 85, 79, 149.85, 1275, 6251, 19283, 70
2026/09/29 09:20:30.027, 87, 80, 152.44, 1260, 6251, 19283, 70
2026/09/29 09:20:30.127, 87, 80, 152.10, 1395, 6251, 19283, 71
2026/09/29 09:20:30.227, 80, 75, 149.30, 1350, 6251, 19283, 70
2026/09/29 09:20:30.327, 80, 75, 150.87, 1215, 6251, 19283, 70
2026/09/29 09:20:30.428, 85, 78, 151.88, 1245, 6251, 19283, 71
2026/09/29 09:20:30.528, 85, 78, 150.31, 1335, 6251, 19283, 71
2026/09/29 09:20:30.628, 81, 76, 146.97, 1365, 6251, 19283, 71
2026/09/29 09:20:30.728, 81, 76, 147.90, 1245, 6251, 19283, 71
2026/09/29 09:20:30.828, 81, 75, 149.47, 1275, 6251, 19283, 71
2026/09/29 09:20:30.928, 81, 75, 149.04, 1275, 6251, 19283, 71
2026/09/29 09:20:31.029, 84, 78, 146.36, 1320, 6251, 19283, 71
2026/09/29 09:20:31.129, 84, 78, 146.74, 1305, 6251, 19283, 71
2026/09/29 09:20:31.229, 84, 78, 146.25, 1245, 6251, 19283, 71
2026/09/29 09:20:31.329, 84, 78, 147.16, 1275, 6251, 19283, 71
2026/09/29 09:20:31.429, 84, 78, 146.32, 1305, 6251, 19283, 71
2026/09/29 09:20:31.530, 84, 78, 147.30, 1350, 6251, 19283, 71
2026/09/29 09:20:31.630, 82, 77, 147.54, 1245, 6251, 19283, 71
2026/09/29 09:20:31.730, 82, 77, 148.55, 1275, 6251, 19283, 71
2026/09/29 09:20:31.830, 88, 81, 148.87, 1320, 6251, 19283, 71
2026/09/29 09:20:31.930, 88, 81, 149.50, 1350, 6251, 19283, 71
2026/09/29 09:20:32.031, 80, 75, 151.48, 1245, 6251, 19283, 71
2026/09/29 09:20:32.131, 80, 75, 145.30, 1665, 6251, 19283, 69
2026/09/29 09:20:32.231, 7, 0, 136.99, 1680, 6251, 19283, 69
2026/09/29 09:20:32.331, 7, 0, 139.42, 1125, 6251, 19283, 70
2026/09/29 09:20:32.431, 100, 49, 140.84, 1170, 6251, 19283, 70
2026/09/29 09:20:32.532, 100, 49, 132.93, 1620, 6251, 19283, 69
2026/09/29 09:20:32.632, 49, 40, 136.74, 1305, 6251, 19283, 70
2026/09/29 09:20:32.732, 49, 40, 137.44, 1395, 6251, 19283, 70
2026/09/29 09:20:32.832, 80, 76, 140.40, 1245, 6251, 19283, 71
2026/09/29 09:20:32.932, 80, 76, 136.45, 1290, 6251, 19283, 71
2026/09/29 09:20:33.033, 90, 83, 137.12, 1245, 6251, 19283, 71
2026/09/29 09:20:33.133, 90, 83, 137.86, 1380, 6251, 19283, 71
2026/09/29 09:20:33.233, 81, 76, 145.79, 1245, 6251, 19283, 71
2026/09/29 09:20:33.333, 81, 76, 150.92, 1275, 6251, 19283, 71
2026/09/29 09:20:33.433, 88, 81, 149.42, 1260, 6251, 19283, 71
2026/09/29 09:20:33.534, 88, 81, 150.12, 1380, 6251, 19283, 71
2026/09/29 09:20:33.634, 84, 78, 158.27, 1215, 6251, 19283, 71
2026/09/29 09:20:33.734, 84, 78, 150.92, 1260, 6251, 19283, 71
2026/09/29 09:20:33.834, 89, 82, 147.57, 1290, 6251, 19283, 71
2026/09/29 09:20:33.934, 89, 82, 147.78, 1335, 6251, 19283, 71
2026/09/29 09:20:34.035, 81, 75, 150.21, 1230, 6251, 19283, 71
2026/09/29 09:20:34.135, 81, 75, 146.57, 1335, 6251, 19283, 71
2026/09/29 09:20:34.235, 88, 81, 146.41, 1365, 6251, 19283, 71
2026/09/29 09:20:34.335, 88, 81, 146.44, 1200, 6251, 19283, 71
2026/09/29 09:20:34.435, 81, 75, 146.30, 1245, 6251, 19283, 71
2026/09/29 09:20:34.536, 81, 75, 146.15, 1335, 6251, 19283, 71
2026/09/29 09:20:34.636, 83, 76, 146.62, 1350, 6251, 19283, 71
2026/09/29 09:20:34.736, 83, 76, 146.03, 1245, 6251, 19283, 71
2026/09/29 09:20:34.836, 83, 78, 146.70, 1275, 6251, 19283, 72
2026/09/29 09:20:34.936, 83, 78, 149.93, 1305, 6251, 19283, 71
2026/09/29 09:20:35.037, 80, 74, 149.30, 1245, 6251, 19283, 71
2026/09/29 09:20:35.137, 80, 74, 148.08, 1260, 6251, 19283, 72
2026/09/29 09:20:35.237, 83, 77, 149.92, 1320, 6251, 19283, 71
2026/09/29 09:20:35.337, 83, 77, 150.25, 1320, 6251, 19283, 72
2026/09/29 09:20:35.437, 82, 76, 150.49, 1245, 6251, 19283, 72
2026/09/29 09:20:35.537, 82, 76, 150.17, 1260, 6251, 19283, 72
2026/09/29 09:20:35.638, 88, 81, 150.56, 1305, 6251, 19283, 72
2026/09/29 09:20:35.738, 88, 81, 150.25, 1335, 6251, 19283, 71
2026/09/29 09:20:35.838, 80, 75, 150.29, 1245, 6251, 19283, 72
2026/09/29 09:20:35.938, 80, 75, 144.57, 1665, 6251, 19283, 70
2026/09/29 09:20:36.039, 7, 0, 136.54, 1680, 6251, 19283, 69
2026/09/29 09:20:36.139, 7, 0, 138.96, 1170, 6251, 19283, 71
2026/09/29 09:20:36.239, 100, 30, 139.94, 1215, 6251, 19283, 71
2026/09/29 09:20:36.339, 100, 30, 140.59, 1215, 6251, 19283, 72
2026/09/29 09:20:36.439, 100, 31, 139.35, 1200, 6251, 19283, 72
2026/09/29 09:20:36.539, 100, 31, 138.90, 1200, 6251, 19283, 72
2026/09/29 09:20:36.640, 100, 31, 141.44, 1200, 6251, 19283, 72
2026/09/29 09:20:36.740, 100, 31, 140.22, 1230, 6251, 19283, 72
2026/09/29 09:20:36.840, 35, 9, 132.18, 1665, 6251, 19283, 71
2026/09/29 09:20:36.940, 35, 9, 133.05, 1260, 6251, 19283, 72
2026/09/29 09:20:37.040, 76, 70, 138.43, 1320, 6251, 19283, 72
2026/09/29 09:20:37.141, 76, 70, 146.50, 1305, 6251, 19283, 72
2026/09/29 09:20:37.241, 87, 79, 143.62, 1350, 6251, 19283, 72
2026/09/29 09:20:37.341, 87, 79, 144.29, 1245, 6251, 19283, 72
2026/09/29 09:20:37.441, 91, 84, 143.53, 1245, 6251, 19283, 72
2026/09/29 09:20:37.541, 91, 84, 141.18, 1245, 6251, 19283, 72
2026/09/29 09:20:37.642, 89, 80, 141.71, 1440, 6251, 19283, 72
2026/09/29 09:20:37.742, 89, 80, 141.73, 1245, 6251, 19283, 72
2026/09/29 09:20:37.842, 86, 78, 139.43, 1245, 6251, 19283, 72
2026/09/29 09:20:37.942, 86, 78, 148.23, 1260, 6251, 19283, 72
2026/09/29 09:20:38.042, 84, 77, 148.38, 1320, 6251, 19283, 72
2026/09/29 09:20:38.143, 84, 77, 150.85, 1305, 6251, 19283, 72
2026/09/29 09:20:38.243, 89, 83, 148.82, 1260, 6251, 19283, 72
2026/09/29 09:20:38.343, 89, 83, 146.16, 1245, 6251, 19283, 72
2026/09/29 09:20:38.443, 90, 83, 146.74, 1260, 6251, 19283, 72
2026/09/29 09:20:38.543, 90, 83, 147.47, 1335, 6251, 19283, 72
2026/09/29 09:20:38.643, 80, 74, 148.65, 1290, 6251, 19283, 72
2026/09/29 09:20:38.744, 80, 74, 146.24, 1245, 6251, 19283, 72
2026/09/29 09:20:38.844, 91, 84, 147.02, 1275, 6251, 19283, 72
2026/09/29 09:20:38.944, 91, 84, 149.23, 1305, 6251, 19283, 72
2026/09/29 09:20:39.044, 85, 78, 148.30, 1275, 6251, 19283, 73
2026/09/29 09:20:39.144, 85, 78, 144.44, 1200, 6251, 19283, 72
2026/09/29 09:20:39.245, 89, 82, 145.21, 1290, 6251, 19283, 72
2026/09/29 09:20:39.345, 89, 82, 146.29, 1245, 6251, 19283, 72
2026/09/29 09:20:39.445, 90, 83, 149.44, 1290, 6251, 19283, 73
2026/09/29 09:20:39.545, 90, 83, 147.26, 1275, 6251, 19283, 72
2026/09/29 09:20:39.645, 89, 82, 145.01, 1230, 6251, 19283, 73
2026/09/29 09:20:39.746, 89, 82, 146.81, 1260, 6251, 19283, 72
2026/09/29 09:20:39.846, 83, 76, 149.04, 1290, 6251, 19283, 73
2026/09/29 09:20:39.946, 83, 76, 147.06, 1320, 6251, 19283, 72
2026/09/29 09:20:40.046, 82, 76, 145.76, 1260, 6251, 19283, 72
2026/09/29 09:20:40.146, 82, 76, 146.67, 1275, 6251, 19283, 73
2026/09/29 09:20:40.247, 80, 75, 149.85, 1365, 6251, 19283, 73
2026/09/29 09:20:40.347, 80, 75, 146.58, 1215, 6251, 19283, 73
2026/09/29 09:20:40.447, 90, 82, 147.48, 1260, 6251, 19283, 73
2026/09/29 09:20:40.547, 90, 82, 147.59, 1305, 6251, 19283, 72
2026/09/29 09:20:40.647, 79, 74, 147.52, 1320, 6251, 19283, 73
2026/09/29 09:20:40.748, 79, 74, 148.81, 1245, 6251, 19283, 73
2026/09/29 09:20:40.848, 88, 82, 149.20, 1290, 6251, 19283, 73
2026/09/29 09:20:40.948, 88, 82, 149.15, 1320, 6251, 19283, 73
2026/09/29 09:20:41.048, 81, 75, 147.88, 1110, 6251, 19283, 73
2026/09/29 09:20:41.148, 81, 75, 149.85, 1245, 6251, 19283, 73
2026/09/29 09:20:41.249, 82, 74, 148.65, 1305, 6251, 19283, 73
2026/09/29 09:20:41.349, 82, 74, 147.40, 1320, 6251, 19283, 73
2026/09/29 09:20:41.449, 89, 82, 148.20, 1260, 6251, 19283, 73
2026/09/29 09:20:41.549, 89, 82, 148.61, 1290, 6251, 19283, 73
2026/09/29 09:20:41.649, 80, 74, 148.59, 1335, 6251, 19283, 73
2026/09/29 09:20:41.752, 80, 74, 147.49, 1140, 6251, 19283, 73
2026/09/29 09:20:41.852, 4, 4, 149.01, 1590, 6251, 19283, 73
2026/09/29 09:20:41.952, 4, 4, 140.68, 1680, 6251, 19283, 71
2026/09/29 09:20:42.052, 81, 26, 133.41, 1395, 6251, 19283, 71
2026/09/29 09:20:42.152, 81, 26, 135.96, 1200, 6251, 19283, 72
2026/09/29 09:20:42.253, 100, 31, 135.20, 1200, 6251, 19283, 73
2026/09/29 09:20:42.353, 100, 31, 135.20, 1215, 6251, 19283, 73
2026/09/29 09:20:42.453, 100, 31, 136.52, 1200, 6251, 19283, 73
2026/09/29 09:20:42.553, 100, 31, 137.90, 1185, 6251, 19283, 73
2026/09/29 09:20:42.653, 57, 17, 136.50, 1200, 6251, 19283, 74
2026/09/29 09:20:42.754, 57, 17, 128.62, 1665, 6251, 19283, 72
2026/09/29 09:20:42.854, 84, 77, 133.85, 1260, 6251, 19283, 73
2026/09/29 09:20:42.955, 84, 77, 134.14, 1245, 6251, 19283, 73
2026/09/29 09:20:43.055, 85, 79, 141.65, 1245, 6251, 19283, 73
2026/09/29 09:20:43.155, 85, 79, 147.73, 1275, 6251, 19283, 73
2026/09/29 09:20:43.255, 90, 83, 143.80, 1245, 6251, 19283, 73
2026/09/29 09:20:43.355, 90, 83, 144.71, 1245, 6251, 19283, 73
2026/09/29 09:20:43.456, 73, 66, 144.98, 1410, 6251, 19283, 73
2026/09/29 09:20:43.556, 73, 66, 141.95, 1245, 6251, 19283, 73
2026/09/29 09:20:43.656, 80, 73, 142.81, 1200, 6251, 19283, 73
2026/09/29 09:20:43.756, 80, 73, 143.08, 1335, 6251, 19283, 73
2026/09/29 09:20:43.856, 88, 81, 147.98, 1230, 6251, 19283, 73
2026/09/29 09:20:43.957, 88, 81, 146.79, 1245, 6251, 19283, 73
2026/09/29 09:20:44.057, 81, 75, 146.56, 1320, 6251, 19283, 73
2026/09/29 09:20:44.157, 81, 75, 145.92, 1380, 6251, 19283, 73
2026/09/29 09:20:44.257, 90, 82, 143.45, 1245, 6251, 19283, 73
2026/09/29 09:20:44.357, 90, 82, 148.28, 1275, 6251, 19283, 74
2026/09/29 09:20:44.457, 80, 74, 147.86, 1305, 6251, 19283, 73
2026/09/29 09:20:44.558, 80, 74, 145.61, 1200, 6251, 19283, 73
2026/09/29 09:20:44.658, 84, 77, 148.85, 1245, 6251, 19283, 73
2026/09/29 09:20:44.758, 84, 77, 148.99, 1305, 6251, 19283, 73
2026/09/29 09:20:44.860, 81, 76, 148.99, 1395, 6251, 19283, 74
2026/09/29 09:20:44.960, 81, 76, 148.40, 1245, 6251, 19283, 73
2026/09/29 09:20:45.061, 80, 74, 147.73, 1260, 6251, 19283, 73
2026/09/29 09:20:45.161, 80, 74, 146.76, 1245, 6251, 19283, 74
2026/09/29 09:20:45.261, 86, 79, 144.73, 1320, 6251, 19283, 73
2026/09/29 09:20:45.361, 86, 79, 149.24, 1305, 6251, 19283, 73
2026/09/29 09:20:45.461, 80, 75, 149.10, 1245, 6251, 19283, 74
2026/09/29 09:20:45.562, 80, 75, 148.79, 1290, 6251, 19283, 74
2026/09/29 09:20:45.662, 90, 83, 147.71, 1350, 6251, 19283, 74
2026/09/29 09:20:45.762, 90, 83, 148.27, 1170, 6251, 19283, 74
2026/09/29 09:20:45.862, 81, 74, 147.21, 1260, 6251, 19283, 74
2026/09/29 09:20:45.963, 81, 74, 144.96, 1320, 6251, 19283, 73
2026/09/29 09:20:46.064, 85, 78, 149.03, 1320, 6251, 19283, 74
2026/09/29 09:20:46.164, 85, 78, 149.11, 1245, 6251, 19283, 74
2026/09/29 09:20:46.264, 81, 76, 149.71, 1275, 6251, 19283, 74
2026/09/29 09:20:46.364, 81, 76, 148.96, 1350, 6251, 19283, 74
2026/09/29 09:20:46.464, 81, 74, 149.00, 1155, 6251, 19283, 74
2026/09/29 09:20:46.565, 81, 74, 147.94, 1260, 6251, 19283, 74
2026/09/29 09:20:46.665, 87, 80, 145.88, 1305, 6251, 19283, 73
2026/09/29 09:20:46.765, 87, 80, 149.85, 1320, 6251, 19283, 74
2026/09/29 09:20:46.865, 81, 76, 149.90, 1245, 6251, 19283, 74
2026/09/29 09:20:46.968, 81, 76, 150.31, 1380, 6251, 19283, 74
2026/09/29 09:20:47.068, 90, 83, 149.09, 1335, 6251, 19283, 74
2026/09/29 09:20:47.168, 90, 83, 149.18, 1140, 6251, 19283, 74
2026/09/29 09:20:47.268, 75, 69, 147.91, 1365, 6251, 19283, 74
2026/09/29 09:20:47.369, 75, 69, 145.12, 1290, 6251, 19283, 74
2026/09/29 09:20:47.469, 81, 75, 149.18, 1245, 6251, 19283, 74
2026/09/29 09:20:47.569, 81, 75, 148.55, 1260, 6251, 19283, 74
2026/09/29 09:20:47.669, 88, 80, 146.42, 1320, 6251, 19283, 74
2026/09/29 09:20:47.770, 88, 80, 149.90, 1260, 6251, 19283, 74
2026/09/29 09:20:47.870, 80, 75, 149.67, 1245, 6251, 19283, 74
2026/09/29 09:20:47.970, 80, 75, 148.20, 1290, 6251, 19283, 74
2026/09/29 09:20:48.073, 90, 83, 145.11, 1365, 6251, 19283, 74
2026/09/29 09:20:48.173, 90, 83, 149.63, 1245, 6251, 19283, 74
2026/09/29 09:20:48.274, 80, 73, 149.10, 1245, 6251, 19283, 74
2026/09/29 09:20:48.374, 80, 73, 146.62, 1275, 6251, 19283, 74
2026/09/29 09:20:48.474, 82, 75, 149.83, 1245, 6251, 19283, 74
2026/09/29 09:20:48.574, 82, 75, 149.54, 1245, 6251, 19283, 74
2026/09/29 09:20:48.674, 81, 75, 148.28, 1305, 6251, 19283, 74
2026/09/29 09:20:48.775, 81, 75, 148.53, 1365, 6251, 19283, 74
2026/09/29 09:20:48.875, 80, 75, 147.89, 1230, 6251, 19283, 74
2026/09/29 09:20:48.975, 80, 75, 146.02, 1260, 6251, 19283, 74
2026/09/29 09:20:49.077, 88, 81, 149.99, 1305, 6251, 19283, 74
2026/09/29 09:20:49.178, 88, 81, 149.57, 1260, 6251, 19283, 74
2026/09/29 09:20:49.278, 81, 75, 148.92, 1245, 6251, 19283, 74
2026/09/29 09:20:49.378, 81, 75, 148.93, 1290, 6251, 19283, 74
2026/09/29 09:20:49.478, 90, 83, 149.34, 1365, 6251, 19283, 74
2026/09/29 09:20:49.579, 90, 83, 148.91, 1215, 6251, 19283, 75
2026/09/29 09:20:49.679, 81, 74, 146.73, 1245, 6251, 19283, 74
2026/09/29 09:20:49.779, 81, 74, 149.50, 1290, 6251, 19283, 74
2026/09/29 09:20:49.879, 82, 75, 148.78, 1245, 6251, 19283, 74
2026/09/29 09:20:49.979, 82, 75, 147.90, 1245, 6251, 19283, 74
2026/09/29 09:20:50.080, 81, 75, 147.96, 1305, 6251, 19283, 75
2026/09/29 09:20:50.182, 81, 75, 147.99, 1380, 6251, 19283, 74
2026/09/29 09:20:50.282, 81, 76, 147.76, 1245, 6251, 19283, 75
2026/09/29 09:20:50.382, 81, 76, 145.37, 1260, 6251, 19283, 75
2026/09/29 09:20:50.482, 89, 81, 149.02, 1290, 6251, 19283, 74
2026/09/29 09:20:50.582, 89, 81, 148.55, 1260, 6251, 19283, 75
2026/09/29 09:20:50.683, 81, 75, 147.95, 1245, 6251, 19283, 75
2026/09/29 09:20:50.783, 81, 75, 148.26, 1290, 6251, 19283, 75
2026/09/29 09:20:50.883, 90, 83, 148.63, 1365, 6251, 19283, 75
2026/09/29 09:20:50.983, 90, 83, 146.84, 1275, 6251, 19283, 75
2026/09/29 09:20:51.083, 81, 76, 147.06, 1305, 6251, 19283, 75
2026/09/29 09:20:51.186, 81, 76, 148.76, 1380, 6251, 19283, 75
2026/09/29 09:20:51.286, 81, 75, 148.00, 1245, 6251, 19283, 75
2026/09/29 09:20:51.387, 81, 75, 144.81, 1260, 6251, 19283, 75
2026/09/29 09:20:51.487, 89, 82, 148.13, 1215, 6251, 19283, 75
2026/09/29 09:20:51.587, 89, 82, 147.57, 1245, 6251, 19283, 74
2026/09/29 09:20:51.687, 80, 74, 145.54, 1305, 6251, 19283, 75
2026/09/29 09:20:51.787, 80, 74, 145.72, 1320, 6251, 19283, 74
2026/09/29 09:20:51.887, 86, 79, 149.24, 1245, 6251, 19283, 75
2026/09/29 09:20:51.988, 86, 79, 148.48, 1260, 6251, 19283, 75
2026/09/29 09:20:52.088, 80, 75, 146.58, 1320, 6251, 19283, 75
2026/09/29 09:20:52.188, 80, 75, 149.33, 1320, 6251, 19283, 75
2026/09/29 09:20:52.291, 80, 74, 148.10, 1305, 6251, 19283, 75
2026/09/29 09:20:52.391, 80, 74, 145.96, 1230, 6251, 19283, 75
2026/09/29 09:20:52.491, 85, 78, 149.38, 1245, 6251, 19283, 75
2026/09/29 09:20:52.592, 85, 78, 149.69, 1305, 6251, 19283, 75
2026/09/29 09:20:52.692, 81, 76, 149.73, 1245, 6251, 19283, 75
2026/09/29 09:20:52.792, 81, 76, 147.68, 1260, 6251, 19283, 75
2026/09/29 09:20:52.896, 90, 82, 149.01, 1305, 6251, 19283, 75
2026/09/29 09:20:52.996, 90, 82, 148.13, 1200, 6251, 19283, 75
2026/09/29 09:20:53.096, 81, 74, 145.30, 1245, 6251, 19283, 75
2026/09/29 09:20:53.196, 81, 74, 149.84, 1290, 6251, 19283, 75
2026/09/29 09:20:53.297, 84, 77, 149.85, 1335, 6251, 19283, 75
2026/09/29 09:20:53.397, 84, 77, 149.76, 1245, 6251, 19283, 75
2026/09/29 09:20:53.498, 81, 75, 148.57, 1275, 6251, 19283, 75
2026/09/29 09:20:53.598, 81, 75, 148.91, 1335, 6251, 19283, 75
2026/09/29 09:20:53.698, 81, 75, 148.35, 1155, 6251, 19283, 75
2026/09/29 09:20:53.798, 81, 75, 145.23, 1245, 6251, 19283, 75
2026/09/29 09:20:53.898, 90, 81, 149.42, 1305, 6251, 19283, 75
2026/09/29 09:20:53.999, 90, 81, 148.69, 1290, 6251, 19283, 75
2026/09/29 09:20:54.099, 81, 75, 147.97, 1245, 6251, 19283, 75
2026/09/29 09:20:54.199, 81, 75, 148.89, 1275, 6251, 19283, 75
2026/09/29 09:20:54.299, 89, 82, 148.63, 1335, 6251, 19283, 75
2026/09/29 09:20:54.402, 89, 82, 148.27, 1215, 6251, 19283, 75
2026/09/29 09:20:54.502, 81, 75, 145.89, 1245, 6251, 19283, 75
2026/09/29 09:20:54.602, 81, 75, 149.40, 1395, 6251, 19283, 75
2026/09/29 09:20:54.702, 78, 70, 148.55, 1245, 6251, 19283, 75
2026/09/29 09:20:54.803, 78, 70, 144.79, 1275, 6251, 19283, 75
2026/09/29 09:20:54.903, 89, 82, 148.77, 1305, 6251, 19283, 75
2026/09/29 09:20:55.003, 89, 82, 148.11, 1170, 6251, 19283, 75
2026/09/29 09:20:55.103, 80, 73, 145.29, 1245, 6251, 19283, 75
2026/09/29 09:20:55.203, 80, 73, 147.23, 1305, 6251, 19283, 75
2026/09/29 09:20:55.304, 83, 76, 149.58, 1335, 6251, 19283, 75
2026/09/29 09:20:55.406, 83, 76, 148.33, 1245, 6251, 19283, 75
2026/09/29 09:20:55.506, 79, 73, 145.36, 1665, 6251, 19283, 75
2026/09/29 09:20:55.607, 79, 73, 140.88, 1110, 6251, 19283, 74
2026/09/29 09:20:55.707, 77, 31, 141.44, 1155, 6251, 19283, 75
2026/09/29 09:20:55.807, 77, 31, 141.18, 1140, 6251, 19283, 75
2026/09/29 09:20:55.907, 100, 38, 144.51, 1155, 6251, 19283, 75
2026/09/29 09:20:56.007, 100, 38, 143.15, 1155, 6251, 19283, 76
2026/09/29 09:20:56.108, 100, 40, 142.93, 1140, 6251, 19283, 76
2026/09/29 09:20:56.208, 100, 40, 145.48, 1155, 6251, 19283, 76
2026/09/29 09:20:56.308, 100, 40, 143.68, 1140, 6251, 19283, 76
2026/09/29 09:20:56.408, 100, 40, 143.16, 720, 6251, 19283, 76
2026/09/29 09:20:56.508, 100, 35, 141.00, 1155, 6251, 19283, 75
2026/09/29 09:20:56.608, 100, 35, 143.37, 1155, 6251, 19283, 76
2026/09/29 09:20:56.709, 100, 40, 150.15, 1155, 6251, 19283, 76
2026/09/29 09:20:56.809, 100, 40, 149.54, 1140, 6251, 19283, 76
2026/09/29 09:20:56.909, 93, 37, 149.58, 1125, 6251, 19283, 76
2026/09/29 09:20:57.009, 93, 37, 149.79, 1155, 6251, 19283, 76
2026/09/29 09:20:57.109, 100, 38, 150.44, 1110, 6251, 19283, 76
2026/09/29 09:20:57.210, 100, 38, 150.38, 1155, 6251, 19283, 76
2026/09/29 09:20:57.310, 100, 39, 150.26, 1065, 6251, 19283, 76
2026/09/29 09:20:57.410, 100, 39, 150.08, 1065, 6251, 19283, 76
2026/09/29 09:20:57.511, 100, 36, 148.96, 1110, 6251, 19283, 76
2026/09/29 09:20:57.611, 100, 36, 150.85, 1095, 6251, 19283, 76
2026/09/29 09:20:57.711, 100, 37, 150.69, 1110, 6251, 19283, 76
2026/09/29 09:20:57.811, 100, 37, 150.70, 1140, 6251, 19283, 76
2026/09/29 09:20:57.911, 100, 39, 149.96, 1170, 6251, 19283, 76
2026/09/29 09:20:58.012, 100, 39, 150.82, 1140, 6251, 19283, 76
2026/09/29 09:20:58.112, 99, 40, 150.88, 1140, 6251, 19283, 76
2026/09/29 09:20:58.212, 99, 40, 150.17, 1140, 6251, 19283, 76
2026/09/29 09:20:58.312, 100, 41, 150.00, 1125, 6251, 19283, 76
2026/09/29 09:20:58.412, 100, 41, 149.90, 1095, 6251, 19283, 76
2026/09/29 09:20:58.513, 100, 39, 149.97, 1110, 6251, 19283, 76
2026/09/29 09:20:58.613, 100, 39, 150.21, 1455, 6251, 19283, 76
2026/09/29 09:20:58.713, 61, 22, 153.44, 1635, 6251, 19283, 77
2026/09/29 09:20:58.813, 61, 22, 146.92, 1095, 6251, 19283, 75
2026/09/29 09:20:58.913, 88, 37, 146.67, 1140, 6251, 19283, 76
2026/09/29 09:20:59.013, 88, 37, 146.77, 1140, 6251, 19283, 76
2026/09/29 09:20:59.114, 100, 37, 145.85, 1110, 6251, 19283, 76
2026/09/29 09:20:59.214, 100, 37, 145.60, 1155, 6251, 19283, 76
2026/09/29 09:20:59.314, 100, 39, 145.43, 1140, 6251, 19283, 77
2026/09/29 09:20:59.414, 100, 39, 145.98, 1125, 6251, 19283, 77
2026/09/29 09:20:59.514, 100, 39, 146.13, 1155, 6251, 19283, 77
2026/09/29 09:20:59.615, 100, 39, 146.82, 795, 6251, 19283, 77
2026/09/29 09:20:59.715, 100, 31, 144.83, 1110, 6251, 19283, 76
2026/09/29 09:20:59.815, 100, 31, 141.61, 1140, 6251, 19283, 76
2026/09/29 09:20:59.915, 100, 39, 148.32, 1155, 6251, 19283, 77
2026/09/29 09:21:00.015, 100, 39, 148.67, 1440, 6251, 19283, 77
2026/09/29 09:21:00.115, 48, 17, 141.67, 1320, 6251, 19283, 75
2026/09/29 09:21:00.216, 48, 17, 143.44, 1335, 6251, 19283, 76
2026/09/29 09:21:00.316, 85, 76, 144.86, 1245, 6251, 19283, 76
2026/09/29 09:21:00.416, 85, 76, 145.17, 1200, 6251, 19283, 76
2026/09/29 09:21:00.516, 81, 74, 143.08, 1245, 6251, 19283, 76
2026/09/29 09:21:00.616, 81, 74, 144.34, 1290, 6251, 19283, 76
2026/09/29 09:21:00.717, 84, 77, 145.07, 1320, 6251, 19283, 76
2026/09/29 09:21:00.817, 84, 77, 147.21, 1245, 6251, 19283, 76
2026/09/29 09:21:00.917, 81, 75, 145.71, 1245, 6251, 19283, 76
2026/09/29 09:21:01.017, 81, 75, 146.79, 1350, 6251, 19283, 76
2026/09/29 09:21:01.117, 81, 74, 147.11, 1245, 6251, 19283, 76
2026/09/29 09:21:01.218, 81, 74, 151.22, 1245, 6251, 19283, 76
2026/09/29 09:21:01.318, 90, 82, 150.38, 1320, 6251, 19283, 76
2026/09/29 09:21:01.418, 90, 82, 149.21, 1170, 6251, 19283, 76
2026/09/29 09:21:01.518, 80, 74, 146.96, 1245, 6251, 19283, 76
2026/09/29 09:21:01.618, 80, 74, 149.44, 1380, 6251, 19283, 76
2026/09/29 09:21:01.719, 72, 64, 148.05, 1245, 6251, 19283, 76
2026/09/29 09:21:01.819, 72, 64, 144.14, 1245, 6251, 19283, 76
2026/09/29 09:21:01.919, 90, 82, 145.49, 1245, 6251, 19283, 76
2026/09/29 09:21:02.019, 90, 82, 147.61, 1290, 6251, 19283, 76
2026/09/29 09:21:02.120, 81, 74, 144.15, 1140, 6251, 19283, 76
2026/09/29 09:21:02.220, 81, 74, 144.15, 1245, 6251, 19283, 76
2026/09/29 09:21:02.320, 81, 73, 147.23, 1455, 6251, 19283, 76
2026/09/29 09:21:02.420, 81, 73, 140.25, 1680, 6251, 19283, 76
2026/09/29 09:21:02.520, 6, 0, 133.31, 1680, 6251, 19283, 74
2026/09/29 09:21:02.621, 6, 0, 128.98, 1155, 6251, 19283, 74
2026/09/29 09:21:02.721, 96, 32, 128.06, 1170, 6251, 19283, 76
2026/09/29 09:21:02.821, 96, 32, 128.27, 1185, 6251, 19283, 76
2026/09/29 09:21:02.921, 100, 31, 131.39, 1185, 6251, 19283, 76
2026/09/29 09:21:03.021, 100, 31, 130.32, 1185, 6251, 19283, 77
2026/09/29 09:21:03.121, 100, 31, 130.10, 1200, 6251, 19283, 77
2026/09/29 09:21:03.222, 100, 31, 132.65, 1455, 6251, 19283, 77
2026/09/29 09:21:03.322, 80, 23, 128.17, 1455, 6251, 19283, 76
2026/09/29 09:21:03.422, 80, 23, 131.83, 1425, 6251, 19283, 77
2026/09/29 09:21:03.522, 79, 71, 135.31, 1215, 6251, 19283, 76
2026/09/29 09:21:03.622, 79, 71, 142.74, 1245, 6251, 19283, 77
2026/09/29 09:21:03.723, 80, 74, 149.68, 1275, 6251, 19283, 77
2026/09/29 09:21:03.824, 80, 74, 148.04, 1245, 6251, 19283, 76
2026/09/29 09:21:03.924, 87, 80, 149.08, 1245, 6251, 19283, 76
2026/09/29 09:21:04.024, 87, 80, 149.78, 1290, 6251, 19283, 76
2026/09/29 09:21:04.124, 81, 75, 149.79, 1350, 6251, 19283, 77
2026/09/29 09:21:04.225, 81, 75, 148.30, 1260, 6251, 19283, 76
2026/09/29 09:21:04.325, 87, 77, 147.87, 1305, 6251, 19283, 76
2026/09/29 09:21:04.425, 87, 77, 150.38, 1230, 6251, 19283, 76
2026/09/29 09:21:04.525, 88, 80, 147.82, 1245, 6251, 19283, 77
2026/09/29 09:21:04.625, 88, 80, 150.89, 1290, 6251, 19283, 76
2026/09/29 09:21:04.725, 80, 74, 149.20, 1305, 6251, 19283, 77
2026/09/29 09:21:04.826, 80, 74, 148.73, 1245, 6251, 19283, 76
2026/09/29 09:21:04.926, 87, 80, 151.80, 1290, 6251, 19283, 76
2026/09/29 09:21:05.026, 87, 80, 151.00, 1365, 6251, 19283, 77
2026/09/29 09:21:05.126, 81, 75, 147.48, 1140, 6251, 19283, 77
2026/09/29 09:21:05.226, 81, 75, 148.27, 1245, 6251, 19283, 77
2026/09/29 09:21:05.327, 81, 75, 150.22, 1320, 6251, 19283, 77
2026/09/29 09:21:05.427, 81, 75, 147.97, 1170, 6251, 19283, 76
2026/09/29 09:21:05.527, 90, 83, 150.46, 1245, 6251, 19283, 76
2026/09/29 09:21:05.627, 90, 83, 149.47, 1275, 6251, 19283, 77
2026/09/29 09:21:05.727, 81, 74, 146.95, 1245, 6251, 19283, 76
2026/09/29 09:21:05.828, 81, 74, 148.96, 1665, 6251, 19283, 76
2026/09/29 09:21:05.929, 0, 0, 142.09, 1680, 6251, 19283, 75
2026/09/29 09:21:06.029, 0, 0, 134.26, 1170, 6251, 19283, 75
2026/09/29 09:21:06.129, 72, 23, 134.95, 1185, 6251, 19283, 76
2026/09/29 09:21:06.229, 72, 23, 137.47, 1185, 6251, 19283, 76
2026/09/29 09:21:06.329, 100, 31, 136.86, 1185, 6251, 19283, 77
2026/09/29 09:21:06.430, 100, 31, 136.63, 1200, 6251, 19283, 77
2026/09/29 09:21:06.530, 100, 31, 139.58, 1170, 6251, 19283, 77
2026/09/29 09:21:06.630, 100, 31, 139.32, 1290, 6251, 19283, 77
2026/09/29 09:21:06.730, 93, 27, 135.75, 1680, 6251, 19283, 77
2026/09/29 09:21:06.830, 93, 27, 131.02, 1245, 6251, 19283, 76
2026/09/29 09:21:06.931, 93, 83, 130.51, 1245, 6251, 19283, 77
2026/09/29 09:21:07.031, 93, 83, 138.02, 1335, 6251, 19283, 77
2026/09/29 09:21:07.131, 80, 74, 141.98, 1215, 6251, 19283, 77
2026/09/29 09:21:07.231, 80, 74, 141.75, 1230, 6251, 19283, 77
2026/09/29 09:21:07.331, 83, 75, 141.52, 1275, 6251, 19283, 77
2026/09/29 09:21:07.431, 83, 75, 139.70, 1260, 6251, 19283, 77
2026/09/29 09:21:07.532, 87, 79, 140.58, 1245, 6251, 19283, 77
2026/09/29 09:21:07.632, 87, 79, 141.30, 1380, 6251, 19283, 77
2026/09/29 09:21:07.732, 72, 65, 136.83, 1170, 6251, 19283, 77
2026/09/29 09:21:07.832, 72, 65, 141.13, 1245, 6251, 19283, 77
2026/09/29 09:21:07.932, 81, 74, 148.17, 1275, 6251, 19283, 77
2026/09/29 09:21:08.033, 81, 74, 144.93, 1140, 6251, 19283, 77
2026/09/29 09:21:08.133, 90, 81, 144.87, 1245, 6251, 19283, 77
2026/09/29 09:21:08.233, 90, 81, 147.58, 1170, 6251, 19283, 77
2026/09/29 09:21:08.333, 81, 74, 144.53, 1215, 6251, 19283, 77
2026/09/29 09:21:08.433, 81, 74, 146.36, 1230, 6251, 19283, 77
2026/09/29 09:21:08.534, 83, 76, 148.72, 1275, 6251, 19283, 77
2026/09/29 09:21:08.634, 83, 76, 145.91, 1260, 6251, 19283, 77
2026/09/29 09:21:08.734, 85, 78, 146.05, 1215, 6251, 19283, 77
2026/09/29 09:21:08.834, 85, 78, 150.92, 1275, 6251, 19283, 77
2026/09/29 09:21:08.934, 81, 75, 149.76, 1365, 6251, 19283, 77
2026/09/29 09:21:09.035, 81, 75, 147.28, 1245, 6251, 19283, 77
2026/09/29 09:21:09.135, 90, 83, 151.30, 1245, 6251, 19283, 77
2026/09/29 09:21:09.235, 90, 83, 151.25, 1320, 6251, 19283, 77
2026/09/29 09:21:09.335, 81, 75, 148.74, 1200, 6251, 19283, 77
2026/09/29 09:21:09.435, 81, 75, 151.94, 1245, 6251, 19283, 77
2026/09/29 09:21:09.536, 80, 73, 150.52, 1275, 6251, 19283, 77
2026/09/29 09:21:09.636, 80, 73, 147.44, 1155, 6251, 19283, 77
2026/09/29 09:21:09.736, 90, 81, 149.81, 1215, 6251, 19283, 77
2026/09/29 09:21:09.836, 90, 81, 148.83, 1275, 6251, 19283, 77
2026/09/29 09:21:09.936, 80, 73, 145.44, 1215, 6251, 19283, 77
2026/09/29 09:21:10.036, 80, 73, 146.81, 1245, 6251, 19283, 77
2026/09/29 09:21:10.139, 82, 75, 149.51, 1275, 6251, 19283, 77
2026/09/29 09:21:10.239, 82, 75, 147.32, 1305, 6251, 19283, 77
2026/09/29 09:21:10.339, 83, 76, 146.37, 1245, 6251, 19283, 77
2026/09/29 09:21:10.439, 83, 76, 150.09, 1260, 6251, 19283, 77
2026/09/29 09:21:10.539, 80, 75, 149.77, 1320, 6251, 19283, 77
2026/09/29 09:21:10.640, 80, 75, 146.70, 1215, 6251, 19283, 77
2026/09/29 09:21:10.740, 90, 81, 150.17, 1245, 6251, 19283, 77
2026/09/29 09:21:10.840, 90, 81, 149.79, 1290, 6251, 19283, 77
2026/09/29 09:21:10.940, 80, 74, 147.16, 1230, 6251, 19283, 77
2026/09/29 09:21:11.040, 80, 74, 150.36, 1155, 6251, 19283, 77
2026/09/29 09:21:11.141, 81, 73, 149.29, 1230, 6251, 19283, 77
2026/09/29 09:21:11.241, 81, 73, 146.88, 1275, 6251, 19283, 77
2026/09/29 09:21:11.341, 89, 81, 148.59, 1185, 6251, 19283, 77
2026/09/29 09:21:11.441, 89, 81, 149.29, 1305, 6251, 19283, 77
2026/09/29 09:21:11.541, 74, 67, 145.84, 1305, 6251, 19283, 77
2026/09/29 09:21:11.641, 74, 67, 146.13, 1200, 6251, 19283, 77
2026/09/29 09:21:11.742, 81, 75, 149.41, 1245, 6251, 19283, 77
2026/09/29 09:21:11.842, 81, 75, 145.90, 1290, 6251, 19283, 77
2026/09/29 09:21:11.942, 91, 83, 146.41, 1140, 6251, 19283, 77
2026/09/29 09:21:12.042, 91, 83, 148.96, 1245, 6251, 19283, 77
2026/09/29 09:21:12.142, 81, 74, 145.67, 1275, 6251, 19283, 77
2026/09/29 09:21:12.245, 81, 74, 146.42, 1170, 6251, 19283, 77
2026/09/29 09:21:12.345, 81, 74, 148.50, 1230, 6251, 19283, 77
2026/09/29 09:21:12.445, 81, 74, 145.18, 1275, 6251, 19283, 77
2026/09/29 09:21:12.545, 88, 80, 146.22, 1230, 6251, 19283, 77
2026/09/29 09:21:12.646, 88, 80, 149.06, 1230, 6251, 19283, 77
2026/09/29 09:21:12.746, 81, 75, 147.15, 1290, 6251, 19283, 77
2026/09/29 09:21:12.846, 81, 75, 146.61, 1350, 6251, 19283, 77
2026/09/29 09:21:12.946, 87, 80, 150.33, 1245, 6251, 19283, 78
2026/09/29 09:21:13.046, 87, 80, 150.00, 1245, 6251, 19283, 78
2026/09/29 09:21:13.147, 81, 75, 146.86, 1335, 6251, 19283, 78
2026/09/29 09:21:13.247, 81, 75, 150.37, 1215, 6251, 19283, 78
2026/09/29 09:21:13.350, 80, 74, 150.12, 1245, 6251, 19283, 78
2026/09/29 09:21:13.450, 80, 74, 147.45, 1245, 6251, 19283, 77
2026/09/29 09:21:13.551, 90, 82, 150.72, 1155, 6251, 19283, 77
2026/09/29 09:21:13.651, 90, 82, 149.26, 1245, 6251, 19283, 77
2026/09/29 09:21:13.751, 80, 74, 146.26, 1275, 6251, 19283, 77
2026/09/29 09:21:13.851, 80, 74, 148.13, 1200, 6251, 19283, 77
2026/09/29 09:21:13.951, 82, 74, 148.66, 1215, 6251, 19283, 77
2026/09/29 09:21:14.051, 82, 74, 146.24, 1275, 6251, 19283, 77
2026/09/29 09:21:14.152, 85, 78, 146.30, 1305, 6251, 19283, 77
2026/09/29 09:21:14.252, 85, 78, 149.47, 1245, 6251, 19283, 77
2026/09/29 09:21:14.354, 80, 75, 146.70, 1245, 6251, 19283, 78
2026/09/29 09:21:14.455, 80, 75, 150.19, 1335, 6251, 19283, 77
2026/09/29 09:21:14.555, 90, 82, 149.70, 1215, 6251, 19283, 77
2026/09/29 09:21:14.655, 90, 82, 147.45, 1245, 6251, 19283, 78
2026/09/29 09:21:14.755, 81, 75, 150.58, 1290, 6251, 19283, 77
2026/09/29 09:21:14.855, 81, 75, 149.53, 1095, 6251, 19283, 77
2026/09/29 09:21:14.956, 81, 73, 146.98, 1245, 6251, 19283, 78
2026/09/29 09:21:15.056, 81, 73, 148.80, 1260, 6251, 19283, 77
2026/09/29 09:21:15.156, 90, 81, 147.97, 1110, 6251, 19283, 77
2026/09/29 09:21:15.256, 90, 81, 143.93, 1320, 6251, 19283, 77
2026/09/29 09:21:15.356, 77, 69, 143.93, 1335, 6251, 19283, 77
2026/09/29 09:21:15.457, 77, 69, 145.39, 1230, 6251, 19283, 77
2026/09/29 09:21:15.557, 81, 75, 147.82, 1245, 6251, 19283, 78
2026/09/29 09:21:15.657, 81, 75, 143.98, 1305, 6251, 19283, 77
2026/09/29 09:21:15.757, 91, 83, 144.61, 1170, 6251, 19283, 77
2026/09/29 09:21:15.857, 91, 83, 147.28, 1245, 6251, 19283, 78
2026/09/29 09:21:15.958, 81, 75, 144.08, 1260, 6251, 19283, 77
2026/09/29 09:21:16.058, 81, 75, 147.03, 1140, 6251, 19283, 77
2026/09/29 09:21:16.158, 81, 73, 147.03, 1215, 6251, 19283, 78
2026/09/29 09:21:16.258, 81, 73, 145.04, 1260, 6251, 19283, 77
2026/09/29 09:21:16.358, 90, 81, 148.08, 1185, 6251, 19283, 77
2026/09/29 09:21:16.462, 90, 81, 144.89, 1230, 6251, 19283, 78
2026/09/29 09:21:16.563, 81, 74, 145.71, 1290, 6251, 19283, 77
2026/09/29 09:21:16.663, 81, 74, 149.35, 1275, 6251, 19283, 78
2026/09/29 09:21:16.763, 84, 76, 147.53, 1245, 6251, 19283, 78
2026/09/29 09:21:16.863, 84, 76, 147.37, 1305, 6251, 19283, 78
2026/09/29 09:21:16.963, 83, 76, 150.73, 1320, 6251, 19283, 78
2026/09/29 09:21:17.064, 83, 76, 150.30, 1230, 6251, 19283, 78
2026/09/29 09:21:17.164, 80, 74, 147.90, 1245, 6251, 19283, 78
2026/09/29 09:21:17.264, 80, 74, 150.92, 1335, 6251, 19283, 78
2026/09/29 09:21:17.364, 89, 82, 150.78, 1200, 6251, 19283, 78
2026/09/29 09:21:17.464, 89, 82, 148.00, 1305, 6251, 19283, 78
2026/09/29 09:21:17.567, 80, 74, 150.54, 1275, 6251, 19283, 78
2026/09/29 09:21:17.668, 80, 74, 149.51, 1110, 6251, 19283, 78
2026/09/29 09:21:17.768, 80, 73, 146.57, 1245, 6251, 19283, 78
2026/09/29 09:21:17.868, 80, 73, 148.02, 1245, 6251, 19283, 78
2026/09/29 09:21:17.968, 89, 81, 147.58, 1110, 6251, 19283, 78
2026/09/29 09:21:18.068, 89, 81, 144.27, 1230, 6251, 19283, 78
2026/09/29 09:21:18.169, 81, 74, 144.73, 1245, 6251, 19283, 78
2026/09/29 09:21:18.269, 81, 74, 147.93, 1140, 6251, 19283, 78
2026/09/29 09:21:18.369, 81, 74, 145.02, 1200, 6251, 19283, 78
2026/09/29 09:21:18.469, 81, 74, 145.80, 1230, 6251, 19283, 78
2026/09/29 09:21:18.571, 87, 79, 149.07, 1275, 6251, 19283, 78
2026/09/29 09:21:18.672, 87, 79, 147.43, 1290, 6251, 19283, 78
2026/09/29 09:21:18.772, 81, 75, 146.64, 1215, 6251, 19283, 78
2026/09/29 09:21:18.872, 81, 75, 149.56, 1260, 6251, 19283, 78
2026/09/29 09:21:18.972, 88, 81, 149.66, 1350, 6251, 19283, 78
2026/09/29 09:21:19.072, 88, 81, 149.04, 1245, 6251, 19283, 78
2026/09/29 09:21:19.173, 79, 71, 144.05, 1665, 6251, 19283, 78
2026/09/29 09:21:19.273, 79, 71, 136.81, 1215, 6251, 19283, 77
2026/09/29 09:21:19.373, 8, 0, 135.44, 1140, 6251, 19283, 77
2026/09/29 09:21:19.473, 8, 0, 137.34, 1140, 6251, 19283, 78
2026/09/29 09:21:19.573, 100, 38, 136.20, 1125, 6251, 19283, 78
2026/09/29 09:21:19.674, 100, 38, 135.72, 1095, 6251, 19283, 78
2026/09/29 09:21:19.774, 100, 38, 136.53, 1140, 6251, 19283, 78
2026/09/29 09:21:19.874, 100, 38, 137.33, 1110, 6251, 19283, 78
2026/09/29 09:21:19.974, 100, 37, 136.59, 1110, 6251, 19283, 79
2026/09/29 09:21:20.074, 100, 37, 135.68, 945, 6251, 19283, 79
2026/09/29 09:21:20.175, 100, 38, 135.01, 1110, 6251, 19283, 79
2026/09/29 09:21:20.275, 100, 38, 142.21, 1095, 6251, 19283, 78
2026/09/29 09:21:20.375, 100, 34, 148.43, 1110, 6251, 19283, 79
2026/09/29 09:21:20.475, 100, 34, 148.98, 1140, 6251, 19283, 79
2026/09/29 09:21:20.575, 100, 38, 150.62, 1110, 6251, 19283, 79
2026/09/29 09:21:20.676, 100, 38, 150.60, 1110, 6251, 19283, 79
2026/09/29 09:21:20.776, 100, 36, 150.44, 1110, 6251, 19283, 79
2026/09/29 09:21:20.876, 100, 36, 150.40, 1110, 6251, 19283, 79
2026/09/29 09:21:20.976, 100, 38, 151.10, 1095, 6251, 19283, 79
2026/09/29 09:21:21.076, 100, 38, 150.28, 1065, 6251, 19283, 79
2026/09/29 09:21:21.176, 100, 38, 149.66, 1125, 6251, 19283, 79
2026/09/29 09:21:21.277, 100, 38, 151.22, 1110, 6251, 19283, 79
2026/09/29 09:21:21.377, 100, 38, 151.29, 1065, 6251, 19283, 79
2026/09/29 09:21:21.477, 100, 38, 151.25, 1095, 6251, 19283, 79
2026/09/29 09:21:21.577, 100, 38, 151.51, 1095, 6251, 19283, 79
2026/09/29 09:21:21.677, 100, 38, 149.96, 1125, 6251, 19283, 79
2026/09/29 09:21:21.778, 100, 38, 149.93, 1110, 6251, 19283, 79
2026/09/29 09:21:21.878, 100, 38, 150.28, 1110, 6251, 19283, 79
2026/09/29 09:21:21.978, 99, 50, 150.39, 1035, 6251, 19283, 79
2026/09/29 09:21:22.078, 99, 50, 148.66, 1050, 6251, 19283, 79
2026/09/29 09:21:22.178, 100, 47, 148.56, 1065, 6251, 19283, 79
2026/09/29 09:21:22.279, 100, 47, 149.18, 1500, 6251, 19283, 79
2026/09/29 09:21:22.379, 100, 52, 151.57, 1515, 6251, 19283, 78
2026/09/29 09:21:22.479, 100, 52, 145.01, 1230, 6251, 19283, 79
2026/09/29 09:21:22.579, 17, 7, 145.19, 1125, 6251, 19283, 77
2026/09/29 09:21:22.679, 17, 7, 145.46, 1110, 6251, 19283, 79
2026/09/29 09:21:22.779, 100, 37, 145.76, 1140, 6251, 19283, 79
2026/09/29 09:21:22.880, 100, 37, 145.70, 1140, 6251, 19283, 79
2026/09/29 09:21:22.980, 100, 37, 145.52, 1140, 6251, 19283, 79
2026/09/29 09:21:23.080, 100, 37, 145.51, 1125, 6251, 19283, 79
2026/09/29 09:21:23.180, 100, 39, 146.21, 1125, 6251, 19283, 79
2026/09/29 09:21:23.280, 100, 39, 147.40, 795, 6251, 19283, 79
2026/09/29 09:21:23.380, 100, 38, 145.02, 1080, 6251, 19283, 79
2026/09/29 09:21:23.481, 100, 38, 142.24, 1125, 6251, 19283, 79
2026/09/29 09:21:23.581, 100, 36, 149.64, 1125, 6251, 19283, 79
2026/09/29 09:21:23.681, 100, 36, 149.72, 1140, 6251, 19283, 79
2026/09/29 09:21:23.781, 100, 39, 142.73, 1425, 6251, 19283, 79
2026/09/29 09:21:23.881, 100, 39, 135.64, 1335, 6251, 19283, 79
2026/09/29 09:21:23.982, 30, 10, 136.48, 1335, 6251, 19283, 78
2026/09/29 09:21:24.082, 30, 10, 136.68, 1320, 6251, 19283, 79
2026/09/29 09:21:24.182, 85, 78, 133.30, 1215, 6251, 19283, 79
2026/09/29 09:21:24.282, 85, 78, 134.47, 1245, 6251, 19283, 79
2026/09/29 09:21:24.382, 90, 82, 134.85, 1230, 6251, 19283, 79
2026/09/29 09:21:24.483, 90, 82, 136.86, 1260, 6251, 19283, 79
2026/09/29 09:21:24.583, 90, 82, 137.41, 1230, 6251, 19283, 79
2026/09/29 09:21:24.683, 90, 82, 137.86, 1245, 6251, 19283, 79
2026/09/29 09:21:24.783, 87, 80, 136.60, 1305, 6251, 19283, 79
2026/09/29 09:21:24.883, 87, 80, 140.84, 1230, 6251, 19283, 79
2026/09/29 09:21:24.983, 83, 75, 148.82, 1245, 6251, 19283, 79
2026/09/29 09:21:25.084, 83, 75, 148.62, 1305, 6251, 19283, 79
2026/09/29 09:21:25.184, 81, 75, 145.97, 1200, 6251, 19283, 79
2026/09/29 09:21:25.284, 81, 75, 150.20, 1245, 6251, 19283, 79
2026/09/29 09:21:25.384, 90, 82, 149.75, 1275, 6251, 19283, 79
2026/09/29 09:21:25.484, 90, 82, 146.55, 1155, 6251, 19283, 79
2026/09/29 09:21:25.585, 81, 74, 147.92, 1245, 6251, 19283, 79
2026/09/29 09:21:25.685, 81, 74, 147.49, 1245, 6251, 19283, 79
2026/09/29 09:21:25.785, 81, 73, 143.71, 1170, 6251, 19283, 79
2026/09/29 09:21:25.885, 81, 73, 145.81, 1245, 6251, 19283, 79
2026/09/29 09:21:25.985, 80, 72, 148.62, 1260, 6251, 19283, 79
2026/09/29 09:21:26.086, 80, 72, 145.09, 1140, 6251, 19283, 79
2026/09/29 09:21:26.186, 90, 81, 145.27, 1230, 6251, 19283, 79
2026/09/29 09:21:26.286, 90, 81, 147.37, 1260, 6251, 19283, 79
2026/09/29 09:21:26.386, 80, 73, 144.06, 1140, 6251, 19283, 79
2026/09/29 09:21:26.486, 80, 73, 144.47, 1245, 6251, 19283, 79
2026/09/29 09:21:26.586, 80, 72, 147.08, 1245, 6251, 19283, 79
2026/09/29 09:21:26.687, 80, 72, 143.76, 1095, 6251, 19283, 79
2026/09/29 09:21:26.787, 83, 75, 145.69, 1245, 6251, 19283, 79
2026/09/29 09:21:26.887, 83, 75, 148.70, 1305, 6251, 19283, 79
2026/09/29 09:21:26.987, 80, 74, 144.71, 1200, 6251, 19283, 79
2026/09/29 09:21:27.087, 80, 74, 145.24, 1305, 6251, 19283, 79
2026/09/29 09:21:27.188, 72, 65, 146.67, 1305, 6251, 19283, 79
2026/09/29 09:21:27.288, 72, 65, 145.15, 1215, 6251, 19283, 79
2026/09/29 09:21:27.388, 88, 81, 146.72, 1245, 6251, 19283, 79
2026/09/29 09:21:27.488, 88, 81, 149.57, 1215, 6251, 19283, 79
2026/09/29 09:21:27.588, 81, 74, 145.77, 1200, 6251, 19283, 79
2026/09/29 09:21:27.689, 81, 74, 146.70, 1245, 6251, 19283, 79
2026/09/29 09:21:27.789, 80, 75, 149.77, 1245, 6251, 19283, 79
2026/09/29 09:21:27.889, 80, 75, 145.31, 1305, 6251, 19283, 79
2026/09/29 09:21:27.989, 91, 82, 145.82, 1170, 6251, 19283, 79
2026/09/29 09:21:28.089, 91, 82, 149.27, 1245, 6251, 19283, 79
2026/09/29 09:21:28.190, 81, 75, 146.47, 1260, 6251, 19283, 79
2026/09/29 09:21:28.290, 81, 75, 148.24, 1095, 6251, 19283, 79
2026/09/29 09:21:28.390, 81, 73, 148.79, 1230, 6251, 19283, 79
2026/09/29 09:21:28.490, 81, 73, 144.72, 1245, 6251, 19283, 79
2026/09/29 09:21:28.590, 90, 81, 144.86, 1125, 6251, 19283, 79
2026/09/29 09:21:28.691, 90, 81, 147.88, 1245, 6251, 19283, 79
2026/09/29 09:21:28.791, 81, 74, 144.35, 1245, 6251, 19283, 79
2026/09/29 09:21:28.891, 81, 74, 144.25, 1140, 6251, 19283, 79
2026/09/29 09:21:28.991, 81, 73, 147.29, 1245, 6251, 19283, 79
2026/09/29 09:21:29.091, 81, 73, 143.93, 1245, 6251, 19283, 79
2026/09/29 09:21:29.191, 90, 81, 144.17, 1110, 6251, 19283, 79
2026/09/29 09:21:29.292, 90, 81, 145.93, 1230, 6251, 19283, 79
2026/09/29 09:21:29.392, 81, 74, 142.96, 1215, 6251, 19283, 79
2026/09/29 09:21:29.492, 81, 74, 143.47, 1155, 6251, 19283, 79
2026/09/29 09:21:29.592, 80, 72, 146.61, 1215, 6251, 19283, 79
2026/09/29 09:21:29.692, 80, 72, 143.37, 1260, 6251, 19283, 79
2026/09/29 09:21:29.793, 90, 81, 143.95, 1110, 6251, 19283, 79
2026/09/29 09:21:29.893, 90, 81, 146.24, 1245, 6251, 19283, 79
2026/09/29 09:21:29.993, 80, 74, 143.20, 1230, 6251, 19283, 79
2026/09/29 09:21:30.093, 80, 74, 145.96, 1125, 6251, 19283, 79
2026/09/29 09:21:30.193, 80, 72, 143.37, 1230, 6251, 19283, 79
2026/09/29 09:21:30.293, 80, 72, 144.00, 1245, 6251, 19283, 79
2026/09/29 09:21:30.394, 90, 81, 145.94, 1110, 6251, 19283, 79
2026/09/29 09:21:30.494, 90, 81, 143.16, 1230, 6251, 19283, 79
2026/09/29 09:21:30.595, 80, 73, 143.60, 1260, 6251, 19283, 79
2026/09/29 09:21:30.695, 80, 73, 145.91, 1095, 6251, 19283, 79
2026/09/29 09:21:30.795, 81, 73, 142.98, 1245, 6251, 19283, 79
2026/09/29 09:21:30.895, 81, 73, 144.20, 1350, 6251, 19283, 79
2026/09/29 09:21:30.995, 87, 76, 147.32, 1245, 6251, 19283, 79
2026/09/29 09:21:31.096, 87, 76, 143.65, 1245, 6251, 19283, 79
2026/09/29 09:21:31.198, 81, 75, 144.50, 1305, 6251, 19283, 79
2026/09/29 09:21:31.298, 81, 75, 146.93, 1200, 6251, 19283, 79
2026/09/29 09:21:31.398, 81, 75, 144.11, 1245, 6251, 19283, 79
2026/09/29 09:21:31.499, 81, 75, 145.27, 1290, 6251, 19283, 79
2026/09/29 09:21:31.599, 91, 82, 147.88, 1140, 6251, 19283, 79
2026/09/29 09:21:31.699, 91, 82, 145.33, 1245, 6251, 19283, 79
2026/09/29 09:21:31.799, 83, 76, 145.80, 1140, 6251, 19283, 79
2026/09/29 09:21:31.899, 83, 76, 148.34, 1215, 6251, 19283, 79
2026/09/29 09:21:32.000, 95, 86, 147.74, 1170, 6251, 19283, 79
2026/09/29 09:21:32.100, 95, 86, 145.27, 1215, 6251, 19283, 79
2026/09/29 09:21:32.200, 85, 78, 149.68, 1215, 6251, 19283, 79
2026/09/29 09:21:32.300, 85, 78, 149.12, 1215, 6251, 19283, 79
2026/09/29 09:21:32.400, 94, 84, 148.78, 1170, 6251, 19283, 79
2026/09/29 09:21:32.500, 94, 84, 151.02, 1170, 6251, 19283, 79
2026/09/29 09:21:32.601, 93, 84, 146.86, 1245, 6251, 19283, 79
2026/09/29 09:21:32.701, 93, 84, 147.13, 1230, 6251, 19283, 79
2026/09/29 09:21:32.801, 96, 87, 148.85, 1155, 6251, 19283, 80
2026/09/29 09:21:32.901, 96, 87, 147.07, 1215, 6251, 19283, 79
2026/09/29 09:21:33.001, 80, 74, 148.33, 1260, 6251, 19283, 79
2026/09/29 09:21:33.102, 80, 74, 147.77, 1155, 6251, 19283, 79
2026/09/29 09:21:33.202, 89, 80, 149.94, 1200, 6251, 19283, 79
2026/09/29 09:21:33.302, 89, 80, 146.10, 1245, 6251, 19283, 79
2026/09/29 09:21:33.402, 81, 75, 146.77, 1320, 6251, 19283, 79
2026/09/29 09:21:33.502, 81, 75, 147.19, 1200, 6251, 19283, 79
2026/09/29 09:21:33.603, 80, 74, 144.66, 1245, 6251, 19283, 80
2026/09/29 09:21:33.703, 80, 74, 148.81, 1245, 6251, 19283, 79
2026/09/29 09:21:33.803, 90, 81, 149.05, 1290, 6251, 19283, 79
2026/09/29 09:21:33.903, 90, 81, 146.76, 1170, 6251, 19283, 80
2026/09/29 09:21:34.003, 80, 74, 149.33, 1230, 6251, 19283, 79
2026/09/29 09:21:34.104, 80, 74, 147.54, 1245, 6251, 19283, 79
2026/09/29 09:21:34.204, 81, 73, 145.51, 1170, 6251, 19283, 79
2026/09/29 09:21:34.304, 81, 73, 146.08, 1230, 6251, 19283, 79
2026/09/29 09:21:34.404, 90, 81, 149.11, 1260, 6251, 19283, 79
2026/09/29 09:21:34.504, 90, 81, 145.37, 1110, 6251, 19283, 80
2026/09/29 09:21:34.604, 81, 74, 145.69, 1230, 6251, 19283, 79
2026/09/29 09:21:34.705, 81, 74, 148.61, 1260, 6251, 19283, 79
2026/09/29 09:21:34.805, 81, 73, 145.40, 1140, 6251, 19283, 80
2026/09/29 09:21:34.905, 81, 73, 145.62, 1245, 6251, 19283, 79
2026/09/29 09:21:35.005, 91, 82, 147.75, 1245, 6251, 19283, 79
2026/09/29 09:21:35.105, 91, 82, 144.52, 1125, 6251, 19283, 79
2026/09/29 09:21:35.206, 81, 74, 145.73, 1275, 6251, 19283, 79
2026/09/29 09:21:35.306, 81, 74, 148.34, 1335, 6251, 19283, 79
2026/09/29 09:21:35.406, 75, 70, 145.42, 1215, 6251, 19283, 80
2026/09/29 09:21:35.507, 75, 70, 146.10, 1245, 6251, 19283, 79
2026/09/29 09:21:35.607, 90, 82, 149.55, 1350, 6251, 19283, 79
2026/09/29 09:21:35.707, 90, 82, 145.84, 1215, 6251, 19283, 80
2026/09/29 09:21:35.807, 82, 76, 146.50, 1245, 6251, 19283, 80
2026/09/29 09:21:35.908, 82, 76, 149.21, 1305, 6251, 19283, 80
2026/09/29 09:21:36.008, 81, 75, 145.99, 1185, 6251, 19283, 80
2026/09/29 09:21:36.108, 81, 75, 147.00, 1245, 6251, 19283, 80
2026/09/29 09:21:36.208, 90, 82, 149.70, 1290, 6251, 19283, 80
2026/09/29 09:21:36.308, 90, 82, 146.71, 1140, 6251, 19283, 80
2026/09/29 09:21:36.409, 81, 74, 146.47, 1200, 6251, 19283, 80
2026/09/29 09:21:36.509, 81, 74, 148.88, 1260, 6251, 19283, 79
2026/09/29 09:21:36.609, 80, 73, 145.34, 1155, 6251, 19283, 80
2026/09/29 09:21:36.709, 80, 73, 145.48, 1245, 6251, 19283, 79
2026/09/29 09:21:36.809, 90, 82, 148.75, 1260, 6251, 19283, 79
2026/09/29 09:21:36.910, 90, 82, 145.51, 1170, 6251, 19283, 80
2026/09/29 09:21:37.010, 80, 73, 145.58, 1230, 6251, 19283, 79
2026/09/29 09:21:37.110, 80, 73, 148.27, 1260, 6251, 19283, 79
2026/09/29 09:21:37.210, 80, 72, 145.10, 1140, 6251, 19283, 80
2026/09/29 09:21:37.310, 80, 72, 145.41, 1200, 6251, 19283, 79
2026/09/29 09:21:37.411, 90, 81, 147.75, 1275, 6251, 19283, 79
2026/09/29 09:21:37.512, 90, 81, 144.75, 1140, 6251, 19283, 80
2026/09/29 09:21:37.613, 80, 73, 145.15, 1245, 6251, 19283, 79
2026/09/29 09:21:37.713, 80, 73, 148.00, 1275, 6251, 19283, 79
2026/09/29 09:21:37.813, 80, 73, 144.84, 1170, 6251, 19283, 80
2026/09/29 09:21:37.913, 80, 73, 145.17, 1230, 6251, 19283, 79
2026/09/29 09:21:38.013, 90, 82, 147.82, 1275, 6251, 19283, 79
2026/09/29 09:21:38.113, 90, 82, 144.77, 1110, 6251, 19283, 80
2026/09/29 09:21:38.214, 81, 74, 145.40, 1245, 6251, 19283, 79
2026/09/29 09:21:38.314, 81, 74, 147.66, 1245, 6251, 19283, 79
2026/09/29 09:21:38.414, 81, 73, 144.82, 1110, 6251, 19283, 80
2026/09/29 09:21:38.514, 81, 73, 144.97, 1230, 6251, 19283, 79
2026/09/29 09:21:38.617, 90, 81, 148.18, 1290, 6251, 19283, 79
2026/09/29 09:21:38.717, 90, 81, 145.26, 1080, 6251, 19283, 80
2026/09/29 09:21:38.817, 83, 76, 145.55, 1230, 6251, 19283, 79
2026/09/29 09:21:38.917, 83, 76, 147.71, 1245, 6251, 19283, 79
2026/09/29 09:21:39.017, 81, 73, 144.41, 1110, 6251, 19283, 80
2026/09/29 09:21:39.118, 81, 73, 145.89, 1335, 6251, 19283, 79
2026/09/29 09:21:39.218, 85, 75, 148.88, 1335, 6251, 19283, 80
2026/09/29 09:21:39.318, 85, 75, 145.25, 1215, 6251, 19283, 80
2026/09/29 09:21:39.418, 81, 75, 146.22, 1245, 6251, 19283, 80
2026/09/29 09:21:39.518, 81, 75, 148.76, 1305, 6251, 19283, 80
2026/09/29 09:21:39.620, 81, 74, 145.28, 1185, 6251, 19283, 80
2026/09/29 09:21:39.720, 81, 74, 145.70, 1245, 6251, 19283, 80
2026/09/29 09:21:39.820, 90, 82, 148.39, 1305, 6251, 19283, 80
2026/09/29 09:21:39.920, 90, 82, 146.17, 1155, 6251, 19283, 80
2026/09/29 09:21:40.020, 83, 76, 146.90, 1230, 6251, 19283, 80
2026/09/29 09:21:40.120, 83, 76, 149.73, 1260, 6251, 19283, 80
2026/09/29 09:21:40.221, 80, 72, 145.47, 1140, 6251, 19283, 80
2026/09/29 09:21:40.321, 80, 72, 145.95, 1230, 6251, 19283, 80
2026/09/29 09:21:40.421, 90, 81, 148.50, 1230, 6251, 19283, 80
2026/09/29 09:21:40.521, 90, 81, 146.06, 1065, 6251, 19283, 80
2026/09/29 09:21:40.621, 86, 78, 147.28, 1215, 6251, 19283, 80
2026/09/29 09:21:40.725, 86, 78, 151.25, 1260, 6251, 19283, 80
2026/09/29 09:21:40.825, 87, 79, 150.84, 1320, 6251, 19283, 80
2026/09/29 09:21:40.925, 87, 79, 148.57, 1215, 6251, 19283, 80
2026/09/29 09:21:41.026, 81, 75, 151.12, 1245, 6251, 19283, 80
2026/09/29 09:21:41.126, 81, 75, 151.16, 1335, 6251, 19283, 80
2026/09/29 09:21:41.226, 81, 75, 147.94, 1200, 6251, 19283, 80
2026/09/29 09:21:41.326, 81, 75, 151.27, 1245, 6251, 19283, 80
2026/09/29 09:21:41.426, 92, 83, 150.76, 1290, 6251, 19283, 80
2026/09/29 09:21:41.526, 92, 83, 148.58, 1185, 6251, 19283, 80
2026/09/29 09:21:41.631, 81, 74, 151.01, 1200, 6251, 19283, 80
2026/09/29 09:21:41.731, 81, 74, 149.82, 1230, 6251, 19283, 80
2026/09/29 09:21:41.831, 81, 74, 146.21, 1275, 6251, 19283, 80
2026/09/29 09:21:41.932, 81, 74, 146.14, 1140, 6251, 19283, 80
2026/09/29 09:21:42.032, 91, 82, 147.93, 1230, 6251, 19283, 80
2026/09/29 09:21:42.132, 91, 82, 144.71, 1260, 6251, 19283, 80
2026/09/29 09:21:42.232, 81, 74, 144.85, 1170, 6251, 19283, 80
2026/09/29 09:21:42.332, 81, 74, 148.12, 1230, 6251, 19283, 80
2026/09/29 09:21:42.432, 81, 74, 145.00, 1275, 6251, 19283, 80
2026/09/29 09:21:42.533, 81, 74, 145.37, 1170, 6251, 19283, 80
2026/09/29 09:21:42.633, 91, 82, 148.11, 1245, 6251, 19283, 80
2026/09/29 09:21:42.733, 91, 82, 144.98, 1260, 6251, 19283, 80
2026/09/29 09:21:42.833, 80, 74, 145.34, 1155, 6251, 19283, 80
2026/09/29 09:21:42.933, 80, 74, 147.87, 1200, 6251, 19283, 80
2026/09/29 09:21:43.033, 81, 73, 144.34, 1365, 6251, 19283, 80
2026/09/29 09:21:43.134, 81, 73, 145.21, 1215, 6251, 19283, 80
2026/09/29 09:21:43.234, 84, 77, 147.78, 1245, 6251, 19283, 80
2026/09/29 09:21:43.334, 84, 77, 144.75, 1350, 6251, 19283, 80
2026/09/29 09:21:43.434, 81, 75, 145.55, 1200, 6251, 19283, 80
2026/09/29 09:21:43.534, 81, 75, 148.37, 1245, 6251, 19283, 80
2026/09/29 09:21:43.634, 80, 74, 144.31, 1305, 6251, 19283, 80
2026/09/29 09:21:43.738, 80, 74, 145.07, 1200, 6251, 19283, 80
2026/09/29 09:21:43.838, 89, 81, 147.78, 1245, 6251, 19283, 80
2026/09/29 09:21:43.938, 89, 81, 144.19, 1290, 6251, 19283, 80
2026/09/29 09:21:44.039, 80, 74, 145.46, 1200, 6251, 19283, 80
2026/09/29 09:21:44.139, 80, 74, 148.98, 1230, 6251, 19283, 80
2026/09/29 09:21:44.239, 80, 74, 145.71, 1260, 6251, 19283, 80
2026/09/29 09:21:44.339, 80, 74, 146.03, 1140, 6251, 19283, 80
2026/09/29 09:21:44.439, 90, 81, 148.41, 1230, 6251, 19283, 80
2026/09/29 09:21:44.539, 90, 81, 144.88, 1260, 6251, 19283, 80
2026/09/29 09:21:44.640, 80, 74, 145.05, 1170, 6251, 19283, 80
2026/09/29 09:21:44.740, 80, 74, 148.95, 1245, 6251, 19283, 80
2026/09/29 09:21:44.840, 81, 74, 145.84, 1170, 6251, 19283, 80
2026/09/29 09:21:44.941, 81, 74, 146.17, 1170, 6251, 19283, 80
2026/09/29 09:21:45.042, 91, 82, 149.33, 1230, 6251, 19283, 80
2026/09/29 09:21:45.142, 91, 82, 145.77, 1275, 6251, 19283, 80
2026/09/29 09:21:45.242, 81, 74, 146.41, 1170, 6251, 19283, 80
2026/09/29 09:21:45.342, 81, 74, 148.56, 1170, 6251, 19283, 80
2026/09/29 09:21:45.442, 83, 75, 145.34, 1260, 6251, 19283, 80
2026/09/29 09:21:45.542, 83, 75, 145.62, 1140, 6251, 19283, 80
2026/09/29 09:21:45.643, 91, 82, 148.15, 1230, 6251, 19283, 80
2026/09/29 09:21:45.743, 91, 82, 145.18, 1260, 6251, 19283, 80
2026/09/29 09:21:45.846, 81, 75, 145.10, 1095, 6251, 19283, 80
2026/09/29 09:21:45.946, 81, 75, 147.02, 1110, 6251, 19283, 80
2026/09/29 09:21:46.047, 82, 73, 143.58, 1230, 6251, 19283, 80
2026/09/29 09:21:46.147, 82, 73, 143.88, 1245, 6251, 19283, 80
2026/09/29 09:21:46.247, 90, 82, 146.14, 1140, 6251, 19283, 80
2026/09/29 09:21:46.347, 90, 82, 143.17, 1230, 6251, 19283, 80
2026/09/29 09:21:46.447, 81, 74, 143.82, 1260, 6251, 19283, 80
2026/09/29 09:21:46.548, 81, 74, 146.69, 1125, 6251, 19283, 80
2026/09/29 09:21:46.648, 80, 73, 143.82, 1230, 6251, 19283, 80
2026/09/29 09:21:46.748, 80, 73, 144.73, 1260, 6251, 19283, 80
2026/09/29 09:21:46.848, 90, 81, 147.09, 1125, 6251, 19283, 80
2026/09/29 09:21:46.948, 90, 81, 144.54, 1380, 6251, 19283, 80
2026/09/29 09:21:47.048, 75, 67, 145.85, 1290, 6251, 19283, 80
2026/09/29 09:21:47.149, 75, 67, 147.86, 1200, 6251, 19283, 80
2026/09/29 09:21:47.249, 79, 73, 146.79, 1260, 6251, 19283, 80
2026/09/29 09:21:47.349, 79, 73, 148.05, 1290, 6251, 19283, 80
2026/09/29 09:21:47.449, 86, 79, 149.99, 1200, 6251, 19283, 80
2026/09/29 09:21:47.549, 86, 79, 148.47, 1260, 6251, 19283, 80
2026/09/29 09:21:47.650, 83, 76, 149.20, 1320, 6251, 19283, 80
2026/09/29 09:21:47.750, 83, 76, 151.64, 1215, 6251, 19283, 80
2026/09/29 09:21:47.850, 80, 75, 148.65, 1245, 6251, 19283, 80
2026/09/29 09:21:47.952, 80, 75, 149.64, 1335, 6251, 19283, 80
2026/09/29 09:21:48.052, 89, 81, 152.08, 1200, 6251, 19283, 80
2026/09/29 09:21:48.153, 89, 81, 147.37, 1245, 6251, 19283, 80
2026/09/29 09:21:48.253, 81, 75, 149.08, 1305, 6251, 19283, 80
2026/09/29 09:21:48.353, 81, 75, 150.00, 1200, 6251, 19283, 80
2026/09/29 09:21:48.453, 81, 75, 146.27, 1245, 6251, 19283, 80
2026/09/29 09:21:48.553, 81, 75, 147.25, 1290, 6251, 19283, 80
2026/09/29 09:21:48.653, 91, 82, 148.61, 1155, 6251, 19283, 80
2026/09/29 09:21:48.754, 91, 82, 147.21, 1140, 6251, 19283, 80
2026/09/29 09:21:48.854, 89, 81, 148.11, 1230, 6251, 19283, 80
2026/09/29 09:21:48.954, 89, 81, 151.26, 1275, 6251, 19283, 80
2026/09/29 09:21:49.057, 88, 79, 150.15, 1155, 6251, 19283, 80
2026/09/29 09:21:49.157, 88, 79, 149.00, 1185, 6251, 19283, 80
2026/09/29 09:21:49.257, 91, 82, 153.09, 1185, 6251, 19283, 80
2026/09/29 09:21:49.357, 91, 82, 152.04, 1245, 6251, 19283, 80
2026/09/29 09:21:49.458, 87, 78, 151.99, 1200, 6251, 19283, 80
2026/09/29 09:21:49.558, 87, 78, 153.66, 1215, 6251, 19283, 80
2026/09/29 09:21:49.658, 85, 78, 153.35, 1215, 6251, 19283, 80
2026/09/29 09:21:49.758, 85, 78, 153.05, 1140, 6251, 19283, 80
2026/09/29 09:21:49.858, 83, 74, 153.22, 1200, 6251, 19283, 80
2026/09/29 09:21:49.958, 83, 74, 150.89, 1200, 6251, 19283, 80
2026/09/29 09:21:50.063, 91, 82, 150.16, 1140, 6251, 19283, 80
2026/09/29 09:21:50.163, 91, 82, 150.35, 1260, 6251, 19283, 80
2026/09/29 09:21:50.263, 91, 81, 151.42, 1215, 6251, 19283, 80
2026/09/29 09:21:50.363, 91, 81, 149.76, 1155, 6251, 19283, 80
2026/09/29 09:21:50.464, 88, 81, 150.02, 1215, 6251, 19283, 80
2026/09/29 09:21:50.564, 88, 81, 150.27, 1245, 6251, 19283, 80
2026/09/29 09:21:50.664, 83, 75, 150.05, 1215, 6251, 19283, 80
2026/09/29 09:21:50.764, 83, 75, 147.12, 1245, 6251, 19283, 80
2026/09/29 09:21:50.864, 87, 79, 139.92, 1650, 6251, 19283, 80
2026/09/29 09:21:50.965, 87, 79, 133.81, 1680, 6251, 19283, 79
2026/09/29 09:21:51.065, 0, 0, 128.87, 1680, 6251, 19283, 78
2026/09/29 09:21:51.165, 0, 0, 122.08, 1680, 6251, 19283, 78
2026/09/29 09:21:51.266, 0, 0, 115.47, 1695, 6251, 19283, 77
2026/09/29 09:21:51.366, 0, 0, 108.76, 1695, 6251, 19283, 77
2026/09/29 09:21:51.466, 0, 0, 103.39, 1695, 6251, 19283, 77
2026/09/29 09:21:51.566, 0, 0, 96.58, 1695, 6251, 19283, 77
2026/09/29 09:21:51.667, 0, 0, 89.46, 1695, 6251, 19283, 77
2026/09/29 09:21:51.767, 0, 0, 84.15, 1695, 6251, 19283, 76
2026/09/29 09:21:51.867, 0, 0, 84.15, 1695, 6251, 19283, 76
2026/09/29 09:21:51.967, 0, 0, 84.15, 1695, 6251, 19283, 76
2026/09/29 09:21:52.068, 0, 0, 84.15, 1695, 6251, 19283, 76
2026/09/29 09:21:52.168, 0, 0, 84.15, 1695, 6251, 19283, 76
