profile,run,request,e2e_seconds,prefill_seconds,decode_seconds,generated_tokens,rounds,acceptance,draft_seconds,verify_seconds,other_seconds,normalized_sha256
default,1,1,8.425072768000064,0.5262,7.89337,443,118,0.39709,1.04548,5.81504,1.0325,311edb4cf5510e7f2c66cae4616e6b83b25bee9dd222421726e3d307d3c50653
default,1,2,14.305178247000185,9.52711,4.49826,257,64,0.43304,0.59712,3.26016,0.64128,e07dfdd68bc2f3af270e57bafd8b7f548aeae8a7f71dd05163e72d8165042b41
default,1,3,1.2250898089996554,0.50448,0.6815399999999999,51,9,0.65079,0.0837,0.45044999999999996,0.14742,47d760580e55b647693d6ec8f6bb8d1e0a2263ecf70ce19b0115571d5168a2c7
default,1,4,2.2646529779999582,0.48324,1.74022,147,23,0.7764,0.21436000000000002,1.15253,0.37329,6e83a686285b7dd57c4320af3efc7bb884b017d513f09b711f96839b18edbb33
default,1,5,1.6818698020001648,0.47143999999999997,1.1673,108,15,0.89524,0.1401,0.7509000000000001,0.2763,16471d02d80814ff5d8abf49dbe70e43cb1a364b6c4fde984a448c9f633c6037
default,1,6,1.3408212189997357,0.5298200000000001,0.7657999999999999,55,10,0.65714,0.09359999999999999,0.5097,0.1625,0482d48144c7843e5f82a552a59e74a3d1ee8b310014ced74f169a823b94a828
default,1,7,1.2847999620003066,0.47264999999999996,0.7661,56,10,0.67143,0.09369999999999999,0.5088,0.1636,a84099140ddaff720b435ec410c91353f4b17b371cf2cb74d10e993f5326d2c5
default,1,8,3.3974377620002087,0.53608,2.81338,193,39,0.56044,0.36582000000000003,1.97184,0.47579999999999995,d2f25d2edf295d1afab7a2ff73254c3cb6569c3273a3c5bfc4a63669808640b3
default,1,9,3.0928884999998445,0.45267,2.58987,208,35,0.7102,0.32759999999999995,1.757,0.5054,2bd1e4d68a2c5d070ae009a9ab997cf8465530070a90df1707b40c399406aa78
default,1,10,4.437257260000024,0.9182,3.46617,255,48,0.6131,0.45264,2.43744,0.576,e0cfe9092d464d1537662d12732faf48e60502f1e167bdd6792c37f3420ad109
default,1,11,9.459555107000142,0.87063,8.53384,857,112,0.94898,1.0561599999999998,5.5944,1.8827199999999997,0c1d1a698d8de8b23fc0c53515dd958265d1aa23e41179a6c385044374b35b10
default,1,12,6.144821718999992,4.4527600000000005,1.63323,143,21,0.83673,0.20138999999999999,1.07373,0.35805000000000003,6854b7ead053e8227be92f112e8f2a4598080c6a610096115cd6446bcfdd651f
default,1,13,2.762867747999735,0.91184,1.79001,157,23,0.83851,0.22195,1.18197,0.38616999999999996,d246f8b07165cb30ee7635db97a2908ad7e95b0c0f588790f90a72ce82ad8cf8
default,1,14,9.165808135999669,0.91044,8.19179,825,105,0.98095,1.0143,5.3235,1.8543,278525263f9fadbd18baa2cf695a042c10c03af34f720f377dd38ccccab3583d
default,1,15,25.06628870800023,4.507479999999999,20.49195,1712,270,0.76243,2.673,14.0184,3.8016,12ea90d863e6e433a6285998620fb7349bc76b7a63496617569289f92f02aa56
default,2,1,8.421630522000214,0.52508,7.89097,443,118,0.39709,1.04666,5.81858,1.0254199999999998,311edb4cf5510e7f2c66cae4616e6b83b25bee9dd222421726e3d307d3c50653
default,2,2,14.293792581999696,9.52419,4.4904399999999995,257,64,0.43304,0.59712,3.24928,0.6438400000000001,e07dfdd68bc2f3af270e57bafd8b7f548aeae8a7f71dd05163e72d8165042b41
default,2,3,1.2175348839996332,0.50034,0.67823,51,9,0.65079,0.08352,0.44856000000000007,0.14607,47d760580e55b647693d6ec8f6bb8d1e0a2263ecf70ce19b0115571d5168a2c7
default,2,4,2.251584704000379,0.47849,1.73226,147,23,0.7764,0.21436000000000002,1.1447100000000001,0.37305999999999995,6e83a686285b7dd57c4320af3efc7bb884b017d513f09b711f96839b18edbb33
default,2,5,1.6749935549996735,0.46811,1.1633900000000001,108,15,0.89524,0.13995,0.74625,0.2772,16471d02d80814ff5d8abf49dbe70e43cb1a364b6c4fde984a448c9f633c6037
default,2,6,1.3292837369999688,0.52638,0.75801,55,10,0.65714,0.09340000000000001,0.5024000000000001,0.16219999999999998,0482d48144c7843e5f82a552a59e74a3d1ee8b310014ced74f169a823b94a828
default,2,7,1.2764101059997301,0.46717000000000003,0.76221,56,10,0.67143,0.09369999999999999,0.5049,0.1636,a84099140ddaff720b435ec410c91353f4b17b371cf2cb74d10e993f5326d2c5
default,2,8,3.3958951049999087,0.53188,2.81614,193,39,0.56044,0.36621000000000004,1.9734,0.47658000000000006,d2f25d2edf295d1afab7a2ff73254c3cb6569c3273a3c5bfc4a63669808640b3
default,2,9,3.1007063309998557,0.45464,2.59518,208,35,0.7102,0.32865000000000005,1.75945,0.50715,2bd1e4d68a2c5d070ae009a9ab997cf8465530070a90df1707b40c399406aa78
default,2,10,4.433788945000288,0.9206599999999999,3.4605900000000003,255,48,0.6131,0.45215999999999995,2.43552,0.57264,e0cfe9092d464d1537662d12732faf48e60502f1e167bdd6792c37f3420ad109
default,2,11,9.448533976999897,0.8686900000000001,8.52516,857,112,0.94898,1.05504,5.587680000000001,1.8827199999999997,0c1d1a698d8de8b23fc0c53515dd958265d1aa23e41179a6c385044374b35b10
default,2,12,6.151481032999982,4.45548,1.63715,143,21,0.83673,0.20223000000000002,1.0783500000000001,0.35678999999999994,6854b7ead053e8227be92f112e8f2a4598080c6a610096115cd6446bcfdd651f
default,2,13,2.7563637780003774,0.91249,1.78323,157,23,0.83851,0.22102999999999998,1.17921,0.38295,d246f8b07165cb30ee7635db97a2908ad7e95b0c0f588790f90a72ce82ad8cf8
default,2,14,9.168046538999988,0.90889,8.195969999999999,825,105,0.98095,1.0164,5.31615,1.8626999999999998,278525263f9fadbd18baa2cf695a042c10c03af34f720f377dd38ccccab3583d
default,2,15,25.046194032999665,4.50827,20.47101,1712,270,0.76243,2.6676,14.010299999999999,3.7935,12ea90d863e6e433a6285998620fb7349bc76b7a63496617569289f92f02aa56
target_top_k_1,1,1,7.9049970060000305,0.52208,7.377149999999999,443,118,0.39709,1.04902,6.04396,0.28438,311edb4cf5510e7f2c66cae4616e6b83b25bee9dd222421726e3d307d3c50653
target_top_k_1,1,2,13.965988570999798,9.51636,4.17108,257,64,0.43304,0.59904,3.36064,0.21184,e07dfdd68bc2f3af270e57bafd8b7f548aeae8a7f71dd05163e72d8165042b41
target_top_k_1,1,3,1.1503494779999528,0.50005,0.61134,51,9,0.65079,0.08406,0.46548,0.061829999999999996,47d760580e55b647693d6ec8f6bb8d1e0a2263ecf70ce19b0115571d5168a2c7
target_top_k_1,1,4,2.0665593690000605,0.48029,1.5456400000000001,147,23,0.7764,0.21550999999999998,1.2079600000000001,0.12236000000000001,6e83a686285b7dd57c4320af3efc7bb884b017d513f09b711f96839b18edbb33
target_top_k_1,1,5,1.535241806999693,0.46446,1.02764,108,15,0.89524,0.14085000000000003,0.7926,0.09434999999999999,16471d02d80814ff5d8abf49dbe70e43cb1a364b6c4fde984a448c9f633c6037
target_top_k_1,1,6,1.251016012999571,0.52598,0.68035,55,10,0.65714,0.09359999999999999,0.52,0.0668,0482d48144c7843e5f82a552a59e74a3d1ee8b310014ced74f169a823b94a828
target_top_k_1,1,7,1.1987621460002629,0.46446,0.68764,56,10,0.67143,0.094,0.5263000000000001,0.0674,a84099140ddaff720b435ec410c91353f4b17b371cf2cb74d10e993f5326d2c5
target_top_k_1,1,8,3.1473680439999043,0.52988,2.56976,193,39,0.56044,0.36777,2.04828,0.15405000000000002,d2f25d2edf295d1afab7a2ff73254c3cb6569c3273a3c5bfc4a63669808640b3
target_top_k_1,1,9,2.8305668919997515,0.45039,2.3296300000000003,208,35,0.7102,0.33005,1.8431,0.1561,2bd1e4d68a2c5d070ae009a9ab997cf8465530070a90df1707b40c399406aa78
target_top_k_1,1,10,4.111709000999781,0.91572,3.14317,255,48,0.6131,0.4545600000000001,2.53824,0.15072,e0cfe9092d464d1537662d12732faf48e60502f1e167bdd6792c37f3420ad109
target_top_k_1,1,11,8.35953761699966,0.8689600000000001,7.43563,857,112,0.94898,1.0651199999999998,5.922560000000001,0.448,0c1d1a698d8de8b23fc0c53515dd958265d1aa23e41179a6c385044374b35b10
target_top_k_1,1,12,5.9565116099997795,4.44997,1.44786,143,21,0.83673,0.20286,1.13064,0.11445,6854b7ead053e8227be92f112e8f2a4598080c6a610096115cd6446bcfdd651f
target_top_k_1,1,13,2.558259145000193,0.9087000000000001,1.58878,157,23,0.83851,0.22447999999999999,1.24591,0.11845,d246f8b07165cb30ee7635db97a2908ad7e95b0c0f588790f90a72ce82ad8cf8
target_top_k_1,1,14,8.111666558999787,0.90334,7.145,825,105,0.98095,1.02375,5.6448,0.47565,278525263f9fadbd18baa2cf695a042c10c03af34f720f377dd38ccccab3583d
target_top_k_1,1,15,22.957783882000058,4.50312,18.38741,1712,270,0.76243,2.6973000000000003,14.742,0.9477,12ea90d863e6e433a6285998620fb7349bc76b7a63496617569289f92f02aa56
target_top_k_1,2,1,7.986192530000153,0.5281699999999999,7.4525,443,118,0.39709,1.0502,6.11476,0.28674,311edb4cf5510e7f2c66cae4616e6b83b25bee9dd222421726e3d307d3c50653
target_top_k_1,2,2,14.15254975300013,9.64284,4.23167,257,64,0.43304,0.6016,3.4163200000000002,0.21375999999999998,e07dfdd68bc2f3af270e57bafd8b7f548aeae8a7f71dd05163e72d8165042b41
target_top_k_1,2,3,1.1670872599997892,0.50586,0.62241,51,9,0.65079,0.08442,0.47673000000000004,0.0612,47d760580e55b647693d6ec8f6bb8d1e0a2263ecf70ce19b0115571d5168a2c7
target_top_k_1,2,4,2.092231526999967,0.48197,1.56957,147,23,0.7764,0.21643,1.2298099999999998,0.12328,6e83a686285b7dd57c4320af3efc7bb884b017d513f09b711f96839b18edbb33
target_top_k_1,2,5,1.5573283040002934,0.47089,1.04274,108,15,0.89524,0.1413,0.8071500000000001,0.0942,16471d02d80814ff5d8abf49dbe70e43cb1a364b6c4fde984a448c9f633c6037
target_top_k_1,2,6,1.2638441890003378,0.52874,0.69016,55,10,0.65714,0.09390000000000001,0.5292,0.067,0482d48144c7843e5f82a552a59e74a3d1ee8b310014ced74f169a823b94a828
target_top_k_1,2,7,1.2141470859996844,0.46981,0.69804,56,10,0.67143,0.0944,0.5368999999999999,0.06670000000000001,a84099140ddaff720b435ec410c91353f4b17b371cf2cb74d10e993f5326d2c5
target_top_k_1,2,8,3.1914137650001067,0.53651,2.60689,193,39,0.56044,0.36854999999999993,2.08338,0.15483000000000002,d2f25d2edf295d1afab7a2ff73254c3cb6569c3273a3c5bfc4a63669808640b3
target_top_k_1,2,9,2.8730782460006594,0.45715,2.36487,208,35,0.7102,0.3311,1.8766999999999998,0.15715,2bd1e4d68a2c5d070ae009a9ab997cf8465530070a90df1707b40c399406aa78
target_top_k_1,2,10,4.172695306000605,0.92468,3.19418,255,48,0.6131,0.456,2.58624,0.15216,e0cfe9092d464d1537662d12732faf48e60502f1e167bdd6792c37f3420ad109
target_top_k_1,2,11,8.474589636000019,0.87622,7.54329,857,112,0.94898,1.06848,6.01664,0.45808,0c1d1a698d8de8b23fc0c53515dd958265d1aa23e41179a6c385044374b35b10
target_top_k_1,2,12,6.0465593950002585,4.51832,1.4693,143,21,0.83673,0.20475,1.1501700000000001,0.11445,6854b7ead053e8227be92f112e8f2a4598080c6a610096115cd6446bcfdd651f
target_top_k_1,2,13,2.583504916000493,0.92083,1.60059,157,23,0.83851,0.22471,1.25603,0.11982999999999999,d246f8b07165cb30ee7635db97a2908ad7e95b0c0f588790f90a72ce82ad8cf8
target_top_k_1,2,14,8.200856626999666,0.9141699999999999,7.2234799999999995,825,105,0.98095,1.02795,5.7225,0.47354999999999997,278525263f9fadbd18baa2cf695a042c10c03af34f720f377dd38ccccab3583d
target_top_k_1,2,15,23.173245586999656,4.56469,18.541490000000003,1712,270,0.76243,2.7,14.8851,0.9558,12ea90d863e6e433a6285998620fb7349bc76b7a63496617569289f92f02aa56
