2026/09/29 09:34:03.207, 0, 0, 61.56, 1695, 6251, 19207, 52
2026/09/29 09:34:03.308, 0, 0, 61.56, 1695, 6251, 19207, 52
2026/09/29 09:34:03.408, 0, 0, 61.56, 1695, 6251, 19207, 52
2026/09/29 09:34:03.508, 0, 0, 61.59, 1695, 6251, 19207, 52
2026/09/29 09:34:03.609, 0, 0, 61.59, 1695, 6251, 19207, 52
2026/09/29 09:34:03.709, 0, 0, 61.59, 1695, 6251, 19207, 52
2026/09/29 09:34:03.809, 0, 0, 61.49, 1695, 6251, 19215, 52
2026/09/29 09:34:03.909, 27, 20, 63.45, 1275, 6251, 19223, 53
2026/09/29 09:34:04.009, 27, 20, 63.16, 1665, 6251, 19225, 53
2026/09/29 09:34:04.110, 53, 27, 71.23, 1200, 6251, 19225, 55
2026/09/29 09:34:04.210, 53, 27, 75.70, 1215, 6251, 19225, 56
2026/09/29 09:34:04.310, 50, 25, 74.71, 1665, 6251, 19225, 55
2026/09/29 09:34:04.410, 50, 25, 78.04, 1305, 6251, 19245, 56
2026/09/29 09:34:04.510, 67, 61, 82.58, 1485, 6251, 19245, 56
2026/09/29 09:34:04.610, 67, 61, 105.85, 1380, 6251, 19245, 57
2026/09/29 09:34:04.711, 82, 76, 109.10, 1335, 6251, 19245, 57
2026/09/29 09:34:04.811, 82, 76, 112.93, 1380, 6251, 19245, 58
2026/09/29 09:34:04.911, 80, 75, 135.00, 1395, 6251, 19245, 58
2026/09/29 09:34:05.011, 80, 75, 134.36, 1395, 6251, 19245, 58
2026/09/29 09:34:05.111, 85, 79, 142.26, 1335, 6251, 19245, 58
2026/09/29 09:34:05.211, 85, 79, 140.04, 1455, 6251, 19245, 58
2026/09/29 09:34:05.312, 85, 79, 134.84, 1335, 6251, 19245, 58
2026/09/29 09:34:05.412, 85, 79, 145.11, 1335, 6251, 19245, 58
2026/09/29 09:34:05.512, 80, 75, 147.33, 1425, 6251, 19245, 58
2026/09/29 09:34:05.612, 80, 75, 145.78, 1425, 6251, 19245, 59
2026/09/29 09:34:05.712, 89, 82, 145.70, 1290, 6251, 19245, 59
2026/09/29 09:34:05.812, 89, 82, 147.51, 1335, 6251, 19245, 59
2026/09/29 09:34:05.913, 78, 73, 147.34, 1425, 6251, 19245, 59
2026/09/29 09:34:06.013, 78, 73, 145.76, 1440, 6251, 19245, 59
2026/09/29 09:34:06.113, 87, 81, 146.16, 1320, 6251, 19245, 59
2026/09/29 09:34:06.213, 87, 81, 147.75, 1320, 6251, 19245, 59
2026/09/29 09:34:06.313, 85, 78, 146.24, 1350, 6251, 19245, 59
2026/09/29 09:34:06.413, 85, 78, 150.16, 1455, 6251, 19245, 60
2026/09/29 09:34:06.513, 88, 81, 147.49, 1230, 6251, 19245, 59
2026/09/29 09:34:06.614, 88, 81, 147.19, 1320, 6251, 19245, 59
2026/09/29 09:34:06.714, 91, 83, 148.44, 1320, 6251, 19245, 60
2026/09/29 09:34:06.814, 91, 83, 150.07, 1365, 6251, 19245, 60
2026/09/29 09:34:06.914, 86, 79, 149.34, 1350, 6251, 19245, 60
2026/09/29 09:34:07.014, 86, 79, 148.65, 1275, 6251, 19245, 60
2026/09/29 09:34:07.114, 88, 81, 147.21, 1305, 6251, 19245, 60
2026/09/29 09:34:07.215, 88, 81, 150.43, 1365, 6251, 19245, 60
2026/09/29 09:34:07.315, 87, 80, 150.41, 1305, 6251, 19245, 60
2026/09/29 09:34:07.415, 87, 80, 150.84, 1320, 6251, 19245, 60
2026/09/29 09:34:07.515, 86, 79, 149.89, 1320, 6251, 19245, 60
2026/09/29 09:34:07.615, 86, 79, 151.29, 1335, 6251, 19245, 60
2026/09/29 09:34:07.715, 90, 82, 151.15, 1350, 6251, 19245, 61
2026/09/29 09:34:07.816, 90, 82, 150.47, 1245, 6251, 19245, 60
2026/09/29 09:34:07.916, 79, 73, 151.00, 1305, 6251, 19245, 61
2026/09/29 09:34:08.016, 79, 73, 148.71, 1350, 6251, 19245, 60
2026/09/29 09:34:08.116, 91, 83, 146.72, 1365, 6251, 19245, 61
2026/09/29 09:34:08.216, 91, 83, 150.46, 1335, 6251, 19245, 61
2026/09/29 09:34:08.316, 85, 78, 149.61, 1335, 6251, 19245, 61
2026/09/29 09:34:08.416, 85, 78, 149.42, 1260, 6251, 19245, 61
2026/09/29 09:34:08.517, 77, 71, 149.10, 1335, 6251, 19245, 61
2026/09/29 09:34:08.617, 77, 71, 146.77, 1365, 6251, 19245, 61
2026/09/29 09:34:08.717, 85, 79, 146.87, 1440, 6251, 19245, 61
2026/09/29 09:34:08.817, 85, 79, 147.66, 1275, 6251, 19245, 61
2026/09/29 09:34:08.917, 78, 72, 147.47, 1320, 6251, 19245, 61
2026/09/29 09:34:09.017, 78, 72, 144.94, 1395, 6251, 19245, 61
2026/09/29 09:34:09.118, 84, 78, 147.65, 1425, 6251, 19245, 62
2026/09/29 09:34:09.218, 84, 78, 151.28, 1320, 6251, 19245, 62
2026/09/29 09:34:09.318, 81, 74, 150.77, 1335, 6251, 19245, 61
2026/09/29 09:34:09.418, 81, 74, 148.39, 1380, 6251, 19245, 61
2026/09/29 09:34:09.518, 86, 80, 146.66, 1470, 6251, 19245, 62
2026/09/29 09:34:09.618, 86, 80, 148.27, 1230, 6251, 19245, 62
2026/09/29 09:34:09.719, 81, 75, 150.93, 1335, 6251, 19245, 62
2026/09/29 09:34:09.819, 81, 75, 151.99, 1380, 6251, 19245, 62
2026/09/29 09:34:09.919, 89, 81, 150.68, 1380, 6251, 19245, 61
2026/09/29 09:34:10.019, 89, 81, 151.23, 1290, 6251, 19245, 62
2026/09/29 09:34:10.119, 75, 69, 153.85, 1380, 6251, 19245, 62
2026/09/29 09:34:10.219, 75, 69, 150.39, 1365, 6251, 19245, 62
2026/09/29 09:34:10.319, 90, 82, 150.49, 1365, 6251, 19245, 62
2026/09/29 09:34:10.420, 90, 82, 150.54, 1215, 6251, 19245, 62
2026/09/29 09:34:10.520, 83, 76, 152.58, 1305, 6251, 19245, 62
2026/09/29 09:34:10.620, 83, 76, 152.78, 1275, 6251, 19245, 62
2026/09/29 09:34:10.720, 89, 81, 148.79, 1335, 6251, 19245, 62
2026/09/29 09:34:10.820, 89, 81, 150.50, 1320, 6251, 19245, 62
2026/09/29 09:34:10.920, 84, 77, 151.06, 1200, 6251, 19245, 62
2026/09/29 09:34:11.021, 84, 77, 150.92, 1305, 6251, 19245, 62
2026/09/29 09:34:11.121, 84, 77, 148.78, 1335, 6251, 19245, 62
2026/09/29 09:34:11.221, 84, 77, 145.38, 1335, 6251, 19245, 62
2026/09/29 09:34:11.321, 80, 74, 148.91, 1320, 6251, 19245, 62
2026/09/29 09:34:11.421, 80, 74, 148.00, 1260, 6251, 19245, 63
2026/09/29 09:34:11.521, 91, 83, 146.85, 1290, 6251, 19245, 63
2026/09/29 09:34:11.621, 91, 83, 145.48, 1305, 6251, 19245, 62
2026/09/29 09:34:11.722, 87, 80, 148.84, 1410, 6251, 19245, 63
2026/09/29 09:34:11.822, 87, 80, 148.01, 1335, 6251, 19245, 62
2026/09/29 09:34:11.922, 77, 71, 148.24, 1290, 6251, 19245, 63
2026/09/29 09:34:12.022, 77, 71, 145.51, 1305, 6251, 19245, 63
2026/09/29 09:34:12.122, 86, 79, 148.10, 1410, 6251, 19245, 62
2026/09/29 09:34:12.222, 86, 79, 152.24, 1350, 6251, 19245, 63
2026/09/29 09:34:12.323, 79, 74, 151.06, 1305, 6251, 19245, 63
2026/09/29 09:34:12.423, 79, 74, 148.01, 1305, 6251, 19245, 63
2026/09/29 09:34:12.523, 89, 82, 149.35, 1350, 6251, 19245, 63
2026/09/29 09:34:12.623, 89, 82, 150.74, 1365, 6251, 19245, 63
2026/09/29 09:34:12.723, 83, 77, 152.76, 1305, 6251, 19245, 63
2026/09/29 09:34:12.823, 83, 77, 148.48, 1305, 6251, 19245, 63
2026/09/29 09:34:12.923, 85, 79, 149.42, 1410, 6251, 19245, 63
2026/09/29 09:34:13.024, 85, 79, 150.17, 1380, 6251, 19245, 64
2026/09/29 09:34:13.124, 86, 79, 152.80, 1275, 6251, 19245, 63
2026/09/29 09:34:13.224, 86, 79, 149.50, 1260, 6251, 19245, 63
2026/09/29 09:34:13.324, 82, 75, 148.14, 1335, 6251, 19245, 63
2026/09/29 09:34:13.424, 82, 75, 149.74, 1365, 6251, 19245, 64
2026/09/29 09:34:13.524, 8, 8, 144.28, 1665, 6251, 19245, 62
2026/09/29 09:34:13.625, 8, 8, 135.24, 1680, 6251, 19245, 61
2026/09/29 09:34:13.725, 7, 0, 126.58, 1680, 6251, 19259, 61
2026/09/29 09:34:13.825, 7, 0, 126.67, 1170, 6251, 19259, 62
2026/09/29 09:34:13.925, 100, 44, 130.13, 1200, 6251, 19259, 63
2026/09/29 09:34:14.025, 100, 44, 129.01, 1185, 6251, 19259, 63
2026/09/29 09:34:14.125, 100, 43, 127.79, 1185, 6251, 19259, 64
2026/09/29 09:34:14.226, 100, 43, 127.54, 1200, 6251, 19259, 64
2026/09/29 09:34:14.326, 100, 43, 129.40, 1185, 6251, 19259, 64
2026/09/29 09:34:14.426, 100, 43, 129.90, 1200, 6251, 19259, 64
2026/09/29 09:34:14.526, 100, 43, 128.75, 1170, 6251, 19259, 64
2026/09/29 09:34:14.626, 100, 43, 134.28, 975, 6251, 19259, 64
2026/09/29 09:34:14.726, 100, 42, 141.58, 1185, 6251, 19259, 64
2026/09/29 09:34:14.826, 100, 42, 149.77, 1260, 6251, 19259, 64
2026/09/29 09:34:14.927, 100, 43, 149.90, 1185, 6251, 19259, 64
2026/09/29 09:34:15.027, 100, 43, 149.80, 1170, 6251, 19259, 64
2026/09/29 09:34:15.127, 100, 42, 149.81, 1185, 6251, 19259, 65
2026/09/29 09:34:15.227, 100, 42, 149.22, 1170, 6251, 19259, 65
2026/09/29 09:34:15.327, 100, 43, 149.46, 1185, 6251, 19259, 65
2026/09/29 09:34:15.427, 100, 43, 149.38, 1200, 6251, 19259, 65
2026/09/29 09:34:15.527, 100, 41, 148.64, 1110, 6251, 19259, 65
2026/09/29 09:34:15.628, 100, 41, 147.54, 1155, 6251, 19259, 65
2026/09/29 09:34:15.728, 100, 42, 149.30, 1155, 6251, 19259, 65
2026/09/29 09:34:15.828, 100, 42, 149.61, 1170, 6251, 19259, 65
2026/09/29 09:34:15.928, 94, 40, 149.64, 1215, 6251, 19259, 65
2026/09/29 09:34:16.028, 94, 40, 149.52, 1200, 6251, 19259, 65
2026/09/29 09:34:16.128, 100, 43, 149.84, 1200, 6251, 19259, 65
2026/09/29 09:34:16.229, 100, 43, 149.86, 1200, 6251, 19259, 65
2026/09/29 09:34:16.329, 100, 42, 150.57, 1200, 6251, 19259, 65
2026/09/29 09:34:16.429, 100, 42, 150.18, 1155, 6251, 19259, 65
2026/09/29 09:34:16.529, 100, 42, 149.86, 1155, 6251, 19259, 65
2026/09/29 09:34:16.629, 100, 42, 150.01, 1140, 6251, 19259, 65
2026/09/29 09:34:16.729, 100, 42, 150.37, 1170, 6251, 19259, 65
2026/09/29 09:34:16.829, 100, 42, 150.79, 1170, 6251, 19259, 65
2026/09/29 09:34:16.930, 100, 43, 151.20, 1215, 6251, 19259, 65
2026/09/29 09:34:17.030, 100, 43, 150.02, 1200, 6251, 19259, 65
2026/09/29 09:34:17.130, 100, 42, 150.18, 1200, 6251, 19259, 66
2026/09/29 09:34:17.230, 100, 42, 149.38, 1200, 6251, 19259, 66
2026/09/29 09:34:17.330, 100, 42, 149.22, 1200, 6251, 19259, 66
2026/09/29 09:34:17.430, 100, 42, 148.62, 1170, 6251, 19259, 66
2026/09/29 09:34:17.530, 100, 42, 149.15, 1185, 6251, 19259, 66
2026/09/29 09:34:17.631, 100, 42, 149.00, 1155, 6251, 19259, 66
2026/09/29 09:34:17.731, 100, 41, 149.41, 1185, 6251, 19259, 66
2026/09/29 09:34:17.831, 100, 41, 149.44, 1185, 6251, 19259, 66
2026/09/29 09:34:17.931, 100, 42, 149.18, 1155, 6251, 19259, 66
2026/09/29 09:34:18.031, 100, 42, 143.25, 1215, 6251, 19273, 65
2026/09/29 09:34:18.131, 20, 10, 142.73, 1680, 6251, 19273, 65
2026/09/29 09:34:18.232, 20, 10, 134.79, 1470, 6251, 19273, 64
2026/09/29 09:34:18.332, 98, 44, 135.02, 1170, 6251, 19273, 66
2026/09/29 09:34:18.432, 98, 44, 135.47, 1215, 6251, 19273, 66
2026/09/29 09:34:18.532, 100, 42, 136.37, 1200, 6251, 19273, 66
2026/09/29 09:34:18.632, 100, 42, 136.83, 1170, 6251, 19273, 66
2026/09/29 09:34:18.732, 100, 43, 137.41, 1170, 6251, 19273, 66
2026/09/29 09:34:18.832, 100, 43, 138.19, 1200, 6251, 19273, 66
2026/09/29 09:34:18.933, 100, 43, 139.05, 1185, 6251, 19273, 66
2026/09/29 09:34:19.033, 100, 43, 138.24, 1110, 6251, 19273, 66
2026/09/29 09:34:19.133, 100, 40, 142.08, 1050, 6251, 19273, 66
2026/09/29 09:34:19.233, 100, 40, 142.96, 1170, 6251, 19273, 66
2026/09/29 09:34:19.333, 94, 38, 147.75, 1215, 6251, 19273, 66
2026/09/29 09:34:19.433, 94, 38, 147.47, 1170, 6251, 19273, 66
2026/09/29 09:34:19.533, 100, 42, 147.07, 1200, 6251, 19273, 66
2026/09/29 09:34:19.634, 100, 42, 146.32, 1170, 6251, 19273, 67
2026/09/29 09:34:19.734, 100, 41, 146.18, 1200, 6251, 19273, 67
2026/09/29 09:34:19.834, 100, 41, 146.31, 1170, 6251, 19273, 67
2026/09/29 09:34:19.934, 100, 41, 145.55, 1125, 6251, 19273, 67
2026/09/29 09:34:20.034, 100, 41, 144.49, 1140, 6251, 19273, 67
2026/09/29 09:34:20.134, 100, 39, 145.74, 1185, 6251, 19273, 67
2026/09/29 09:34:20.235, 100, 39, 146.65, 1155, 6251, 19273, 67
2026/09/29 09:34:20.335, 100, 42, 146.25, 1155, 6251, 19273, 67
2026/09/29 09:34:20.435, 100, 42, 146.10, 1200, 6251, 19273, 67
2026/09/29 09:34:20.535, 100, 43, 146.40, 1155, 6251, 19273, 67
2026/09/29 09:34:20.635, 100, 43, 146.59, 1170, 6251, 19273, 67
2026/09/29 09:34:20.735, 100, 42, 146.74, 1200, 6251, 19273, 67
2026/09/29 09:34:20.835, 100, 42, 146.71, 1200, 6251, 19273, 67
2026/09/29 09:34:20.936, 100, 41, 146.36, 1170, 6251, 19273, 67
2026/09/29 09:34:21.036, 100, 41, 146.43, 1170, 6251, 19273, 67
2026/09/29 09:34:21.136, 100, 40, 146.69, 1125, 6251, 19273, 67
2026/09/29 09:34:21.236, 100, 40, 146.17, 1155, 6251, 19273, 67
2026/09/29 09:34:21.336, 100, 40, 146.89, 1155, 6251, 19273, 67
2026/09/29 09:34:21.436, 100, 40, 146.93, 1185, 6251, 19273, 67
2026/09/29 09:34:21.536, 100, 41, 150.04, 1200, 6251, 19273, 67
2026/09/29 09:34:21.637, 100, 41, 150.15, 1230, 6251, 19273, 67
2026/09/29 09:34:21.737, 56, 30, 141.73, 1515, 6251, 19273, 67
2026/09/29 09:34:21.837, 56, 30, 134.57, 1425, 6251, 19273, 66
2026/09/29 09:34:21.937, 28, 10, 137.71, 1680, 6251, 19273, 67
2026/09/29 09:34:22.037, 28, 10, 138.11, 1185, 6251, 19273, 67
2026/09/29 09:34:22.138, 100, 41, 137.93, 1200, 6251, 19273, 67
2026/09/29 09:34:22.238, 100, 41, 138.70, 1200, 6251, 19273, 67
2026/09/29 09:34:22.338, 100, 41, 138.92, 1185, 6251, 19273, 67
2026/09/29 09:34:22.438, 100, 41, 139.23, 1185, 6251, 19273, 67
2026/09/29 09:34:22.538, 100, 41, 139.45, 1170, 6251, 19273, 68
2026/09/29 09:34:22.638, 100, 41, 139.91, 1185, 6251, 19273, 68
2026/09/29 09:34:22.739, 100, 40, 139.70, 1170, 6251, 19273, 68
2026/09/29 09:34:22.839, 100, 40, 145.61, 1050, 6251, 19273, 67
2026/09/29 09:34:22.939, 100, 40, 153.10, 1170, 6251, 19273, 68
2026/09/29 09:34:23.039, 100, 40, 147.80, 1350, 6251, 19275, 67
2026/09/29 09:34:23.139, 27, 12, 147.19, 1665, 6251, 19275, 67
2026/09/29 09:34:23.239, 27, 12, 147.30, 1230, 6251, 19275, 67
2026/09/29 09:34:23.340, 26, 12, 139.31, 1635, 6251, 19275, 66
2026/09/29 09:34:23.440, 26, 12, 140.14, 1350, 6251, 19275, 67
2026/09/29 09:34:23.540, 70, 66, 139.56, 1320, 6251, 19275, 67
2026/09/29 09:34:23.640, 70, 66, 139.72, 1290, 6251, 19275, 67
2026/09/29 09:34:23.740, 87, 78, 140.57, 1350, 6251, 19275, 67
2026/09/29 09:34:23.840, 87, 78, 141.01, 1395, 6251, 19275, 67
2026/09/29 09:34:23.940, 78, 72, 140.20, 1245, 6251, 19275, 67
2026/09/29 09:34:24.041, 78, 72, 140.97, 1290, 6251, 19275, 67
2026/09/29 09:34:24.141, 83, 76, 143.78, 1365, 6251, 19275, 67
2026/09/29 09:34:24.241, 83, 76, 142.75, 1320, 6251, 19275, 67
2026/09/29 09:34:24.341, 88, 81, 141.24, 1245, 6251, 19275, 67
2026/09/29 09:34:24.441, 88, 81, 149.99, 1305, 6251, 19275, 67
2026/09/29 09:34:24.541, 85, 77, 149.25, 1275, 6251, 19275, 67
2026/09/29 09:34:24.642, 85, 77, 149.04, 1380, 6251, 19275, 68
2026/09/29 09:34:24.742, 84, 78, 148.07, 1305, 6251, 19275, 68
2026/09/29 09:34:24.842, 84, 78, 147.63, 1245, 6251, 19275, 68
2026/09/29 09:34:24.942, 79, 72, 147.68, 1305, 6251, 19275, 68
2026/09/29 09:34:25.042, 79, 72, 149.04, 1380, 6251, 19275, 68
2026/09/29 09:34:25.142, 88, 82, 148.17, 1275, 6251, 19275, 68
2026/09/29 09:34:25.242, 88, 82, 147.87, 1260, 6251, 19275, 67
2026/09/29 09:34:25.343, 82, 75, 149.57, 1290, 6251, 19275, 68
2026/09/29 09:34:25.443, 82, 75, 148.21, 1410, 6251, 19275, 67
2026/09/29 09:34:25.543, 92, 83, 147.81, 1290, 6251, 19275, 68
2026/09/29 09:34:25.643, 92, 83, 148.93, 1290, 6251, 19275, 68
2026/09/29 09:34:25.743, 77, 72, 149.27, 1395, 6251, 19275, 68
2026/09/29 09:34:25.844, 77, 72, 147.94, 1365, 6251, 19275, 68
2026/09/29 09:34:25.944, 86, 78, 148.59, 1290, 6251, 19275, 68
2026/09/29 09:34:26.044, 86, 78, 148.62, 1335, 6251, 19275, 68
2026/09/29 09:34:26.144, 86, 79, 148.51, 1320, 6251, 19275, 68
2026/09/29 09:34:26.244, 86, 79, 149.52, 1275, 6251, 19275, 68
2026/09/29 09:34:26.344, 75, 69, 149.44, 1320, 6251, 19275, 68
2026/09/29 09:34:26.445, 75, 69, 146.80, 1380, 6251, 19275, 68
2026/09/29 09:34:26.545, 86, 79, 151.15, 1290, 6251, 19275, 68
2026/09/29 09:34:26.645, 86, 79, 151.17, 1305, 6251, 19275, 68
2026/09/29 09:34:26.745, 82, 75, 149.53, 1335, 6251, 19275, 68
2026/09/29 09:34:26.845, 82, 75, 148.97, 1380, 6251, 19275, 68
2026/09/29 09:34:26.945, 86, 79, 152.33, 1290, 6251, 19275, 68
2026/09/29 09:34:27.046, 86, 79, 151.32, 1350, 6251, 19275, 69
2026/09/29 09:34:27.146, 36, 27, 143.44, 1665, 6251, 19275, 67
2026/09/29 09:34:27.246, 36, 27, 144.70, 1560, 6251, 19275, 67
2026/09/29 09:34:27.346, 100, 51, 143.39, 1170, 6251, 19275, 68
2026/09/29 09:34:27.446, 100, 51, 143.34, 1155, 6251, 19275, 68
2026/09/29 09:34:27.546, 58, 30, 137.84, 1590, 6251, 19275, 67
2026/09/29 09:34:27.647, 58, 30, 140.43, 1380, 6251, 19275, 68
2026/09/29 09:34:27.747, 87, 80, 140.71, 1275, 6251, 19275, 68
2026/09/29 09:34:27.847, 87, 80, 141.32, 1350, 6251, 19275, 68
2026/09/29 09:34:27.947, 80, 75, 139.24, 1395, 6251, 19275, 68
2026/09/29 09:34:28.047, 80, 75, 139.21, 1335, 6251, 19275, 68
2026/09/29 09:34:28.147, 76, 70, 139.00, 1350, 6251, 19275, 69
2026/09/29 09:34:28.247, 76, 70, 143.35, 1410, 6251, 19275, 69
2026/09/29 09:34:28.348, 87, 79, 144.67, 1275, 6251, 19275, 68
2026/09/29 09:34:28.448, 87, 79, 137.50, 1590, 6251, 19275, 67
2026/09/29 09:34:28.548, 7, 0, 129.72, 1680, 6251, 19275, 66
2026/09/29 09:34:28.648, 7, 0, 142.68, 1290, 6251, 19275, 68
2026/09/29 09:34:28.748, 100, 47, 138.40, 1185, 6251, 19275, 68
2026/09/29 09:34:28.849, 100, 47, 137.37, 1185, 6251, 19275, 68
2026/09/29 09:34:28.949, 23, 8, 129.89, 1665, 6251, 19295, 67
2026/09/29 09:34:29.049, 23, 8, 133.55, 1365, 6251, 19295, 68
2026/09/29 09:34:29.149, 85, 78, 129.44, 1365, 6251, 19295, 68
2026/09/29 09:34:29.249, 85, 78, 130.31, 1365, 6251, 19295, 68
2026/09/29 09:34:29.349, 72, 68, 134.03, 1320, 6251, 19295, 69
2026/09/29 09:34:29.450, 72, 68, 130.12, 1395, 6251, 19295, 69
2026/09/29 09:34:29.550, 87, 79, 138.40, 1275, 6251, 19295, 68
2026/09/29 09:34:29.650, 87, 79, 145.97, 1320, 6251, 19295, 69
2026/09/29 09:34:29.750, 78, 72, 137.31, 1425, 6251, 19295, 69
2026/09/29 09:34:29.850, 78, 72, 138.03, 1170, 6251, 19295, 68
2026/09/29 09:34:29.950, 78, 72, 138.46, 1335, 6251, 19295, 69
2026/09/29 09:34:30.050, 78, 72, 143.33, 1380, 6251, 19295, 69
2026/09/29 09:34:30.151, 88, 80, 143.76, 1275, 6251, 19295, 69
2026/09/29 09:34:30.251, 88, 80, 147.38, 1320, 6251, 19295, 69
2026/09/29 09:34:30.351, 78, 72, 143.60, 1410, 6251, 19295, 69
2026/09/29 09:34:30.451, 78, 72, 144.07, 1245, 6251, 19295, 69
2026/09/29 09:34:30.551, 78, 71, 147.55, 1305, 6251, 19295, 69
2026/09/29 09:34:30.651, 78, 71, 143.70, 1380, 6251, 19295, 69
2026/09/29 09:34:30.752, 89, 81, 144.19, 1320, 6251, 19295, 69
2026/09/29 09:34:30.852, 89, 81, 148.54, 1305, 6251, 19295, 69
2026/09/29 09:34:30.952, 82, 76, 148.12, 1320, 6251, 19295, 69
2026/09/29 09:34:31.052, 82, 76, 145.20, 1410, 6251, 19295, 69
2026/09/29 09:34:31.152, 87, 79, 149.24, 1290, 6251, 19295, 69
2026/09/29 09:34:31.252, 87, 79, 148.23, 1335, 6251, 19295, 69
2026/09/29 09:34:31.352, 33, 24, 140.13, 1650, 6251, 19295, 68
2026/09/29 09:34:31.453, 33, 24, 140.44, 1680, 6251, 19295, 68
2026/09/29 09:34:31.553, 100, 51, 138.99, 1155, 6251, 19295, 69
2026/09/29 09:34:31.653, 100, 51, 138.79, 1185, 6251, 19295, 69
2026/09/29 09:34:31.753, 31, 14, 134.09, 1650, 6251, 19295, 68
2026/09/29 09:34:31.853, 31, 14, 134.55, 1305, 6251, 19295, 69
2026/09/29 09:34:31.953, 79, 73, 130.83, 1395, 6251, 19295, 69
2026/09/29 09:34:32.054, 79, 73, 132.42, 1260, 6251, 19295, 69
2026/09/29 09:34:32.154, 80, 73, 135.42, 1305, 6251, 19295, 69
2026/09/29 09:34:32.254, 80, 73, 132.03, 1380, 6251, 19295, 69
2026/09/29 09:34:32.354, 86, 79, 133.56, 1305, 6251, 19295, 69
2026/09/29 09:34:32.454, 86, 79, 141.96, 1305, 6251, 19295, 69
2026/09/29 09:34:32.554, 76, 71, 142.47, 1395, 6251, 19295, 69
2026/09/29 09:34:32.655, 76, 71, 143.17, 1005, 6251, 19295, 69
2026/09/29 09:34:32.755, 80, 71, 142.86, 1290, 6251, 19295, 69
2026/09/29 09:34:32.855, 80, 71, 147.31, 1395, 6251, 19295, 69
2026/09/29 09:34:32.955, 89, 81, 147.31, 1200, 6251, 19295, 69
2026/09/29 09:34:33.055, 89, 81, 150.53, 1305, 6251, 19295, 69
2026/09/29 09:34:33.155, 78, 72, 145.97, 1380, 6251, 19295, 69
2026/09/29 09:34:33.255, 78, 72, 146.48, 1245, 6251, 19295, 69
2026/09/29 09:34:33.356, 77, 69, 148.64, 1365, 6251, 19295, 69
2026/09/29 09:34:33.456, 77, 69, 146.53, 1410, 6251, 19295, 69
2026/09/29 09:34:33.556, 7, 0, 138.20, 1680, 6251, 19295, 68
2026/09/29 09:34:33.656, 7, 0, 144.40, 1215, 6251, 19295, 69
2026/09/29 09:34:33.756, 100, 42, 144.14, 1200, 6251, 19295, 69
2026/09/29 09:34:33.856, 100, 42, 144.13, 1200, 6251, 19295, 70
2026/09/29 09:34:33.957, 52, 22, 139.28, 1590, 6251, 19295, 68
2026/09/29 09:34:34.057, 52, 22, 139.99, 1350, 6251, 19295, 69
2026/09/29 09:34:34.157, 83, 76, 141.32, 1290, 6251, 19295, 70
2026/09/29 09:34:34.257, 83, 76, 145.01, 1275, 6251, 19295, 70
2026/09/29 09:34:34.357, 78, 72, 141.99, 1425, 6251, 19295, 70
2026/09/29 09:34:34.457, 78, 72, 142.99, 1260, 6251, 19295, 70
2026/09/29 09:34:34.558, 84, 76, 144.25, 1305, 6251, 19295, 70
2026/09/29 09:34:34.658, 84, 76, 148.45, 1305, 6251, 19295, 70
2026/09/29 09:34:34.758, 88, 81, 145.36, 1380, 6251, 19295, 70
2026/09/29 09:34:34.858, 88, 81, 145.73, 1035, 6251, 19295, 70
2026/09/29 09:34:34.958, 70, 63, 140.09, 1575, 6251, 19295, 69
2026/09/29 09:34:35.058, 70, 63, 140.70, 1680, 6251, 19295, 68
2026/09/29 09:34:35.159, 55, 27, 142.69, 1125, 6251, 19295, 69
2026/09/29 09:34:35.259, 55, 27, 141.04, 1170, 6251, 19295, 69
2026/09/29 09:34:35.359, 88, 43, 136.88, 1530, 6251, 19295, 69
2026/09/29 09:34:35.459, 88, 43, 141.10, 1335, 6251, 19295, 69
2026/09/29 09:34:35.559, 82, 72, 137.49, 1395, 6251, 19295, 69
2026/09/29 09:34:35.659, 82, 72, 137.63, 1410, 6251, 19295, 70
2026/09/29 09:34:35.760, 76, 70, 141.33, 1275, 6251, 19295, 70
2026/09/29 09:34:35.860, 76, 70, 137.96, 1320, 6251, 19295, 70
2026/09/29 09:34:35.960, 89, 81, 138.97, 1410, 6251, 19295, 70
2026/09/29 09:34:36.060, 89, 81, 145.21, 1245, 6251, 19295, 70
2026/09/29 09:34:36.160, 78, 72, 150.01, 1305, 6251, 19295, 70
2026/09/29 09:34:36.260, 78, 72, 147.33, 1395, 6251, 19295, 70
2026/09/29 09:34:36.361, 78, 71, 147.03, 1245, 6251, 19295, 70
2026/09/29 09:34:36.461, 78, 71, 143.21, 1680, 6251, 19295, 68
2026/09/29 09:34:36.561, 15, 4, 137.55, 1290, 6251, 19295, 69
2026/09/29 09:34:36.661, 15, 4, 139.92, 1185, 6251, 19295, 70
2026/09/29 09:34:36.761, 100, 42, 139.05, 1200, 6251, 19295, 70
2026/09/29 09:34:36.861, 100, 42, 135.65, 1530, 6251, 19295, 69
2026/09/29 09:34:36.962, 23, 14, 138.62, 1365, 6251, 19295, 69
2026/09/29 09:34:37.062, 23, 14, 134.35, 1500, 6251, 19295, 70
2026/09/29 09:34:37.162, 80, 73, 135.22, 1305, 6251, 19295, 70
2026/09/29 09:34:37.262, 80, 73, 137.99, 1260, 6251, 19295, 70
2026/09/29 09:34:37.362, 78, 72, 133.86, 1320, 6251, 19295, 70
2026/09/29 09:34:37.463, 78, 72, 134.96, 1320, 6251, 19295, 70
2026/09/29 09:34:37.563, 82, 74, 142.84, 1260, 6251, 19295, 70
2026/09/29 09:34:37.663, 82, 74, 146.19, 1260, 6251, 19295, 70
2026/09/29 09:34:37.763, 81, 74, 144.40, 1260, 6251, 19295, 70
2026/09/29 09:34:37.863, 81, 74, 143.43, 1350, 6251, 19295, 70
2026/09/29 09:34:37.963, 80, 73, 146.63, 1245, 6251, 19295, 70
2026/09/29 09:34:38.063, 80, 73, 144.30, 1290, 6251, 19295, 70
2026/09/29 09:34:38.164, 85, 77, 148.33, 1335, 6251, 19295, 70
2026/09/29 09:34:38.264, 85, 77, 148.14, 1380, 6251, 19295, 70
2026/09/29 09:34:38.364, 79, 73, 148.07, 1275, 6251, 19295, 71
2026/09/29 09:34:38.464, 79, 73, 150.15, 1365, 6251, 19295, 70
2026/09/29 09:34:38.564, 84, 77, 150.76, 1350, 6251, 19295, 71
2026/09/29 09:34:38.664, 84, 77, 149.74, 1290, 6251, 19295, 71
2026/09/29 09:34:38.765, 80, 74, 148.19, 1350, 6251, 19295, 71
2026/09/29 09:34:38.865, 80, 74, 151.49, 1410, 6251, 19295, 71
2026/09/29 09:34:38.965, 79, 73, 152.44, 1275, 6251, 19295, 71
2026/09/29 09:34:39.065, 79, 73, 149.20, 1335, 6251, 19295, 71
2026/09/29 09:34:39.165, 88, 80, 151.79, 1350, 6251, 19295, 71
2026/09/29 09:34:39.265, 88, 80, 151.04, 1260, 6251, 19295, 71
2026/09/29 09:34:39.365, 82, 76, 148.39, 1260, 6251, 19295, 71
2026/09/29 09:34:39.466, 82, 76, 149.31, 1380, 6251, 19295, 71
2026/09/29 09:34:39.566, 79, 71, 150.32, 1185, 6251, 19295, 71
2026/09/29 09:34:39.666, 79, 71, 146.75, 1305, 6251, 19295, 71
2026/09/29 09:34:39.766, 89, 81, 148.34, 1350, 6251, 19295, 71
2026/09/29 09:34:39.866, 89, 81, 150.31, 1185, 6251, 19295, 71
2026/09/29 09:34:39.966, 78, 72, 145.84, 1290, 6251, 19295, 71
2026/09/29 09:34:40.067, 78, 72, 146.56, 1395, 6251, 19295, 71
2026/09/29 09:34:40.167, 77, 70, 150.18, 1245, 6251, 19295, 71
2026/09/29 09:34:40.267, 77, 70, 146.50, 1305, 6251, 19295, 71
2026/09/29 09:34:40.367, 42, 38, 138.41, 1665, 6251, 19295, 70
2026/09/29 09:34:40.467, 42, 38, 132.67, 1680, 6251, 19295, 69
2026/09/29 09:34:40.567, 53, 27, 135.67, 1125, 6251, 19295, 70
2026/09/29 09:34:40.668, 53, 27, 135.60, 1185, 6251, 19295, 71
2026/09/29 09:34:40.768, 72, 36, 130.59, 1590, 6251, 19295, 70
2026/09/29 09:34:40.868, 72, 36, 133.02, 1245, 6251, 19295, 70
2026/09/29 09:34:40.968, 80, 74, 129.65, 1305, 6251, 19295, 71
2026/09/29 09:34:41.068, 80, 74, 134.21, 1365, 6251, 19295, 70
2026/09/29 09:34:41.168, 79, 72, 133.78, 1245, 6251, 19295, 71
2026/09/29 09:34:41.269, 79, 72, 129.95, 1305, 6251, 19295, 71
2026/09/29 09:34:41.369, 89, 81, 132.32, 1365, 6251, 19295, 71
2026/09/29 09:34:41.469, 89, 81, 141.02, 1350, 6251, 19295, 71
2026/09/29 09:34:41.569, 79, 73, 147.74, 1290, 6251, 19295, 71
2026/09/29 09:34:41.669, 79, 73, 142.81, 1320, 6251, 19295, 71
2026/09/29 09:34:41.769, 86, 78, 142.94, 1290, 6251, 19295, 71
2026/09/29 09:34:41.870, 86, 78, 149.96, 1260, 6251, 19295, 71
2026/09/29 09:34:41.970, 80, 74, 143.99, 1305, 6251, 19295, 71
2026/09/29 09:34:42.070, 80, 74, 148.31, 1275, 6251, 19295, 72
2026/09/29 09:34:42.170, 87, 79, 146.96, 1305, 6251, 19295, 71
2026/09/29 09:34:42.270, 87, 79, 145.72, 1290, 6251, 19295, 72
2026/09/29 09:34:42.370, 81, 75, 148.32, 1410, 6251, 19295, 71
2026/09/29 09:34:42.471, 81, 75, 149.07, 1290, 6251, 19295, 72
2026/09/29 09:34:42.571, 79, 73, 144.70, 1320, 6251, 19295, 71
2026/09/29 09:34:42.671, 79, 73, 146.60, 1380, 6251, 19295, 72
2026/09/29 09:34:42.772, 77, 72, 147.66, 1275, 6251, 19295, 72
2026/09/29 09:34:42.872, 77, 72, 144.55, 1335, 6251, 19295, 72
2026/09/29 09:34:42.972, 86, 78, 145.97, 1395, 6251, 19295, 72
2026/09/29 09:34:43.072, 86, 78, 148.45, 1260, 6251, 19295, 72
2026/09/29 09:34:43.173, 81, 75, 145.15, 1320, 6251, 19295, 72
2026/09/29 09:34:43.273, 81, 75, 145.90, 1365, 6251, 19295, 72
2026/09/29 09:34:43.373, 78, 72, 146.79, 1260, 6251, 19295, 72
2026/09/29 09:34:43.473, 78, 72, 144.29, 1305, 6251, 19295, 72
2026/09/29 09:34:43.573, 88, 79, 144.87, 1410, 6251, 19295, 72
2026/09/29 09:34:43.673, 88, 79, 148.23, 1320, 6251, 19295, 72
2026/09/29 09:34:43.774, 81, 75, 143.85, 1245, 6251, 19295, 72
2026/09/29 09:34:43.874, 81, 75, 144.64, 1305, 6251, 19295, 72
2026/09/29 09:34:43.974, 78, 72, 147.80, 1365, 6251, 19295, 72
2026/09/29 09:34:44.074, 78, 72, 143.43, 1260, 6251, 19295, 72
2026/09/29 09:34:44.174, 88, 80, 144.52, 1305, 6251, 19295, 72
2026/09/29 09:34:44.274, 88, 80, 139.23, 1650, 6251, 19295, 71
2026/09/29 09:34:44.375, 8, 0, 131.24, 1680, 6251, 19295, 70
2026/09/29 09:34:44.475, 8, 0, 133.94, 1170, 6251, 19295, 71
2026/09/29 09:34:44.575, 100, 31, 136.72, 1200, 6251, 19295, 71
2026/09/29 09:34:44.675, 100, 31, 135.87, 1200, 6251, 19295, 72
2026/09/29 09:34:44.775, 100, 30, 135.44, 1215, 6251, 19295, 72
2026/09/29 09:34:44.875, 100, 30, 138.78, 1200, 6251, 19295, 72
2026/09/29 09:34:44.976, 100, 30, 137.34, 1215, 6251, 19295, 72
2026/09/29 09:34:45.076, 100, 30, 137.03, 1230, 6251, 19295, 73
2026/09/29 09:34:45.176, 71, 21, 133.74, 1635, 6251, 19295, 71
2026/09/29 09:34:45.276, 71, 21, 136.62, 1305, 6251, 19295, 72
2026/09/29 09:34:45.376, 73, 65, 139.64, 1305, 6251, 19295, 72
2026/09/29 09:34:45.477, 73, 65, 148.50, 1260, 6251, 19295, 72
2026/09/29 09:34:45.577, 84, 76, 146.94, 1290, 6251, 19295, 72
2026/09/29 09:34:45.677, 84, 76, 146.21, 1395, 6251, 19295, 72
2026/09/29 09:34:45.777, 83, 77, 145.19, 1260, 6251, 19295, 72
2026/09/29 09:34:45.877, 83, 77, 146.25, 1290, 6251, 19295, 72
2026/09/29 09:34:45.977, 80, 73, 146.30, 1380, 6251, 19295, 72
2026/09/29 09:34:46.077, 80, 73, 144.39, 1245, 6251, 19295, 72
2026/09/29 09:34:46.178, 86, 77, 144.27, 1290, 6251, 19295, 72
2026/09/29 09:34:46.278, 86, 77, 150.73, 1365, 6251, 19295, 72
2026/09/29 09:34:46.378, 78, 72, 144.29, 1245, 6251, 19295, 72
2026/09/29 09:34:46.478, 78, 72, 149.68, 1305, 6251, 19295, 72
2026/09/29 09:34:46.578, 78, 72, 148.38, 1305, 6251, 19295, 72
2026/09/29 09:34:46.679, 78, 72, 145.68, 1260, 6251, 19295, 72
2026/09/29 09:34:46.779, 89, 80, 145.15, 1275, 6251, 19295, 72
2026/09/29 09:34:46.879, 89, 80, 147.69, 1365, 6251, 19295, 73
2026/09/29 09:34:46.979, 79, 74, 146.89, 1395, 6251, 19295, 73
2026/09/29 09:34:47.079, 79, 74, 144.27, 1260, 6251, 19295, 73
2026/09/29 09:34:47.179, 89, 81, 147.71, 1320, 6251, 19295, 73
2026/09/29 09:34:47.279, 89, 81, 148.07, 1350, 6251, 19295, 73
2026/09/29 09:34:47.380, 85, 78, 147.21, 1140, 6251, 19295, 73
2026/09/29 09:34:47.480, 85, 78, 150.37, 1260, 6251, 19295, 73
2026/09/29 09:34:47.580, 87, 78, 149.91, 1350, 6251, 19295, 72
2026/09/29 09:34:47.680, 87, 78, 148.72, 1350, 6251, 19295, 73
2026/09/29 09:34:47.780, 84, 78, 149.56, 1245, 6251, 19295, 73
2026/09/29 09:34:47.880, 84, 78, 151.57, 1260, 6251, 19295, 73
2026/09/29 09:34:47.981, 82, 74, 149.62, 1425, 6251, 19295, 73
2026/09/29 09:34:48.081, 82, 74, 148.00, 1155, 6251, 19295, 72
2026/09/29 09:34:48.181, 91, 81, 150.90, 1305, 6251, 19295, 72
2026/09/29 09:34:48.281, 91, 81, 150.22, 1395, 6251, 19295, 73
2026/09/29 09:34:48.381, 75, 69, 147.00, 1245, 6251, 19295, 72
2026/09/29 09:34:48.481, 75, 69, 149.01, 1305, 6251, 19295, 72
2026/09/29 09:34:48.582, 77, 71, 148.83, 1395, 6251, 19295, 73
2026/09/29 09:34:48.682, 77, 71, 146.18, 1245, 6251, 19295, 73
2026/09/29 09:34:48.782, 89, 80, 148.01, 1290, 6251, 19295, 73
2026/09/29 09:34:48.882, 89, 80, 148.94, 1395, 6251, 19295, 73
2026/09/29 09:34:48.982, 78, 72, 146.36, 1245, 6251, 19295, 73
2026/09/29 09:34:49.082, 78, 72, 147.89, 1305, 6251, 19295, 73
2026/09/29 09:34:49.183, 77, 71, 150.02, 1395, 6251, 19295, 73
2026/09/29 09:34:49.283, 77, 71, 146.06, 1260, 6251, 19295, 73
2026/09/29 09:34:49.383, 87, 79, 146.75, 1320, 6251, 19295, 73
2026/09/29 09:34:49.483, 87, 79, 149.91, 1350, 6251, 19295, 73
2026/09/29 09:34:49.583, 80, 74, 145.46, 1245, 6251, 19295, 73
2026/09/29 09:34:49.683, 80, 74, 146.02, 1305, 6251, 19295, 73
2026/09/29 09:34:49.784, 78, 72, 147.99, 1365, 6251, 19295, 73
2026/09/29 09:34:49.884, 78, 72, 144.07, 1245, 6251, 19295, 73
2026/09/29 09:34:49.984, 78, 72, 144.90, 1305, 6251, 19295, 73
2026/09/29 09:34:50.084, 78, 72, 146.86, 1350, 6251, 19295, 73
2026/09/29 09:34:50.184, 87, 79, 142.67, 1245, 6251, 19295, 73
2026/09/29 09:34:50.284, 87, 79, 143.38, 1305, 6251, 19295, 73
2026/09/29 09:34:50.385, 31, 27, 145.68, 1425, 6251, 19295, 73
2026/09/29 09:34:50.485, 31, 27, 137.19, 1680, 6251, 19295, 72
2026/09/29 09:34:50.585, 53, 16, 130.06, 1680, 6251, 19295, 71
2026/09/29 09:34:50.685, 53, 16, 137.56, 1185, 6251, 19295, 72
2026/09/29 09:34:50.785, 100, 31, 136.49, 1215, 6251, 19295, 73
2026/09/29 09:34:50.885, 100, 31, 136.40, 1200, 6251, 19295, 73
2026/09/29 09:34:50.986, 100, 31, 139.45, 1200, 6251, 19295, 73
2026/09/29 09:34:51.086, 100, 31, 138.79, 1215, 6251, 19295, 74
2026/09/29 09:34:51.186, 90, 27, 138.97, 1215, 6251, 19295, 74
2026/09/29 09:34:51.286, 90, 27, 141.16, 1590, 6251, 19295, 73
2026/09/29 09:34:51.386, 77, 71, 141.29, 1380, 6251, 19295, 73
2026/09/29 09:34:51.486, 77, 71, 142.78, 1260, 6251, 19295, 73
2026/09/29 09:34:51.586, 82, 75, 150.78, 1320, 6251, 19295, 73
2026/09/29 09:34:51.687, 82, 75, 158.29, 1380, 6251, 19295, 73
2026/09/29 09:34:51.787, 88, 79, 152.90, 1230, 6251, 19295, 74
2026/09/29 09:34:51.887, 88, 79, 154.24, 1290, 6251, 19295, 73
2026/09/29 09:34:51.987, 77, 70, 154.92, 1350, 6251, 19295, 74
2026/09/29 09:34:52.087, 77, 70, 151.21, 1305, 6251, 19295, 73
2026/09/29 09:34:52.188, 77, 70, 153.32, 1230, 6251, 19295, 73
2026/09/29 09:34:52.288, 77, 70, 151.52, 1335, 6251, 19295, 73
2026/09/29 09:34:52.388, 82, 75, 152.32, 1290, 6251, 19295, 73
2026/09/29 09:34:52.488, 82, 75, 152.22, 1350, 6251, 19295, 74
2026/09/29 09:34:52.588, 85, 77, 150.13, 1305, 6251, 19295, 73
2026/09/29 09:34:52.688, 85, 77, 150.71, 1275, 6251, 19295, 73
2026/09/29 09:34:52.788, 78, 72, 151.36, 1335, 6251, 19295, 74
2026/09/29 09:34:52.889, 78, 72, 150.92, 1305, 6251, 19295, 74
2026/09/29 09:34:52.989, 82, 75, 151.01, 1275, 6251, 19295, 74
2026/09/29 09:34:53.089, 82, 75, 151.25, 1350, 6251, 19295, 74
2026/09/29 09:34:53.189, 86, 78, 152.72, 1260, 6251, 19295, 73
2026/09/29 09:34:53.289, 86, 78, 151.56, 1245, 6251, 19295, 74
2026/09/29 09:34:53.389, 79, 72, 153.72, 1350, 6251, 19295, 74
2026/09/29 09:34:53.490, 79, 72, 151.45, 1245, 6251, 19295, 73
2026/09/29 09:34:53.590, 76, 69, 152.10, 1290, 6251, 19295, 73
2026/09/29 09:34:53.690, 76, 69, 153.71, 1305, 6251, 19295, 74
2026/09/29 09:34:53.790, 89, 81, 150.23, 1380, 6251, 19295, 73
2026/09/29 09:34:53.890, 89, 81, 150.26, 1245, 6251, 19295, 73
2026/09/29 09:34:53.990, 78, 72, 152.45, 1275, 6251, 19295, 74
2026/09/29 09:34:54.091, 78, 72, 148.54, 1365, 6251, 19295, 74
2026/09/29 09:34:54.191, 79, 72, 148.87, 1245, 6251, 19295, 74
2026/09/29 09:34:54.291, 79, 72, 151.41, 1290, 6251, 19295, 74
2026/09/29 09:34:54.391, 89, 81, 147.87, 1395, 6251, 19295, 74
2026/09/29 09:34:54.491, 89, 81, 148.76, 1245, 6251, 19295, 74
2026/09/29 09:34:54.591, 78, 71, 151.70, 1245, 6251, 19295, 74
2026/09/29 09:34:54.691, 78, 71, 147.33, 1380, 6251, 19295, 74
2026/09/29 09:34:54.792, 76, 70, 148.29, 1245, 6251, 19295, 74
2026/09/29 09:34:54.892, 76, 70, 150.58, 1305, 6251, 19295, 74
2026/09/29 09:34:54.992, 87, 79, 146.32, 1350, 6251, 19295, 74
2026/09/29 09:34:55.092, 87, 79, 146.90, 1245, 6251, 19295, 74
2026/09/29 09:34:55.192, 80, 74, 149.22, 1305, 6251, 19295, 74
2026/09/29 09:34:55.292, 80, 74, 145.05, 1350, 6251, 19295, 74
2026/09/29 09:34:55.393, 79, 72, 145.66, 1245, 6251, 19295, 74
2026/09/29 09:34:55.493, 79, 72, 147.85, 1305, 6251, 19295, 74
2026/09/29 09:34:55.593, 87, 79, 143.59, 1350, 6251, 19295, 74
2026/09/29 09:34:55.693, 87, 79, 143.95, 1245, 6251, 19295, 74
2026/09/29 09:34:55.793, 80, 74, 146.61, 1305, 6251, 19295, 74
2026/09/29 09:34:55.893, 80, 74, 142.54, 1350, 6251, 19295, 74
2026/09/29 09:34:55.994, 65, 61, 143.28, 1365, 6251, 19295, 74
2026/09/29 09:34:56.094, 65, 61, 144.38, 1395, 6251, 19295, 74
2026/09/29 09:34:56.194, 77, 71, 144.48, 1245, 6251, 19295, 74
2026/09/29 09:34:56.294, 77, 71, 145.11, 1290, 6251, 19295, 74
2026/09/29 09:34:56.394, 89, 80, 145.84, 1365, 6251, 19295, 74
2026/09/29 09:34:56.494, 89, 80, 146.11, 1245, 6251, 19295, 74
2026/09/29 09:34:56.594, 79, 72, 146.29, 1290, 6251, 19295, 74
2026/09/29 09:34:56.695, 79, 72, 146.25, 1350, 6251, 19295, 74
2026/09/29 09:34:56.795, 78, 72, 146.49, 1245, 6251, 19295, 74
2026/09/29 09:34:56.895, 78, 72, 146.74, 1305, 6251, 19295, 74
2026/09/29 09:34:56.995, 87, 78, 146.90, 1350, 6251, 19295, 74
2026/09/29 09:34:57.095, 87, 78, 148.86, 1245, 6251, 19295, 75
2026/09/29 09:34:57.195, 77, 71, 145.70, 1350, 6251, 19295, 74
2026/09/29 09:34:57.296, 77, 71, 146.48, 1380, 6251, 19295, 75
2026/09/29 09:34:57.396, 78, 73, 148.68, 1245, 6251, 19295, 75
2026/09/29 09:34:57.496, 78, 73, 144.92, 1305, 6251, 19295, 74
2026/09/29 09:34:57.596, 87, 79, 145.83, 1365, 6251, 19295, 75
2026/09/29 09:34:57.696, 87, 79, 148.46, 1245, 6251, 19295, 75
2026/09/29 09:34:57.797, 80, 74, 144.69, 1305, 6251, 19295, 74
2026/09/29 09:34:57.897, 80, 74, 145.60, 1365, 6251, 19295, 75
2026/09/29 09:34:57.997, 78, 72, 148.25, 1245, 6251, 19295, 75
2026/09/29 09:34:58.097, 78, 72, 144.45, 1290, 6251, 19295, 75
2026/09/29 09:34:58.197, 87, 79, 145.53, 1365, 6251, 19295, 75
2026/09/29 09:34:58.297, 87, 79, 147.57, 1245, 6251, 19295, 75
2026/09/29 09:34:58.398, 77, 71, 144.76, 1365, 6251, 19295, 75
2026/09/29 09:34:58.498, 77, 71, 146.43, 1395, 6251, 19295, 75
2026/09/29 09:34:58.598, 78, 72, 148.93, 1245, 6251, 19295, 75
2026/09/29 09:34:58.698, 78, 72, 145.79, 1320, 6251, 19295, 75
2026/09/29 09:34:58.798, 87, 80, 147.65, 1395, 6251, 19295, 75
2026/09/29 09:34:58.898, 87, 80, 149.01, 1245, 6251, 19295, 75
2026/09/29 09:34:58.999, 80, 73, 146.80, 1305, 6251, 19295, 75
2026/09/29 09:34:59.099, 80, 73, 148.23, 1380, 6251, 19295, 75
2026/09/29 09:34:59.199, 78, 72, 151.09, 1245, 6251, 19295, 75
2026/09/29 09:34:59.299, 78, 72, 147.32, 1305, 6251, 19295, 75
2026/09/29 09:34:59.399, 87, 79, 148.50, 1365, 6251, 19295, 75
2026/09/29 09:34:59.499, 87, 79, 150.10, 1245, 6251, 19295, 75
2026/09/29 09:34:59.602, 78, 72, 146.52, 1335, 6251, 19295, 75
2026/09/29 09:34:59.702, 78, 72, 148.29, 1380, 6251, 19295, 75
2026/09/29 09:34:59.802, 67, 60, 146.18, 1320, 6251, 19295, 75
2026/09/29 09:34:59.902, 67, 60, 145.29, 1335, 6251, 19295, 75
2026/09/29 09:35:00.002, 78, 71, 145.25, 1245, 6251, 19295, 75
2026/09/29 09:35:00.102, 78, 71, 144.73, 1305, 6251, 19295, 75
2026/09/29 09:35:00.203, 87, 78, 144.62, 1350, 6251, 19295, 75
2026/09/29 09:35:00.303, 87, 78, 144.51, 1245, 6251, 19295, 75
2026/09/29 09:35:00.403, 80, 74, 144.32, 1305, 6251, 19295, 75
2026/09/29 09:35:00.503, 80, 74, 144.20, 1365, 6251, 19295, 75
2026/09/29 09:35:00.603, 78, 72, 144.11, 1245, 6251, 19295, 75
2026/09/29 09:35:00.709, 78, 72, 143.16, 1305, 6251, 19295, 75
2026/09/29 09:35:00.809, 86, 78, 142.68, 1365, 6251, 19295, 75
2026/09/29 09:35:00.909, 86, 78, 146.60, 1245, 6251, 19295, 75
2026/09/29 09:35:01.009, 80, 74, 144.33, 1320, 6251, 19295, 75
2026/09/29 09:35:01.110, 80, 74, 145.79, 1365, 6251, 19295, 75
2026/09/29 09:35:01.210, 79, 73, 148.64, 1365, 6251, 19295, 75
2026/09/29 09:35:01.310, 79, 73, 145.59, 1245, 6251, 19295, 75
2026/09/29 09:35:01.410, 87, 79, 147.14, 1320, 6251, 19295, 75
2026/09/29 09:35:01.510, 87, 79, 149.85, 1365, 6251, 19295, 75
2026/09/29 09:35:01.610, 80, 74, 146.49, 1245, 6251, 19295, 75
2026/09/29 09:35:01.710, 80, 74, 147.69, 1305, 6251, 19295, 75
2026/09/29 09:35:01.811, 79, 73, 150.73, 1365, 6251, 19295, 75
2026/09/29 09:35:01.911, 79, 73, 147.30, 1245, 6251, 19295, 75
2026/09/29 09:35:02.011, 86, 79, 148.58, 1320, 6251, 19295, 75
2026/09/29 09:35:02.111, 86, 79, 149.80, 1365, 6251, 19295, 76
2026/09/29 09:35:02.211, 81, 74, 147.55, 1245, 6251, 19295, 75
2026/09/29 09:35:02.312, 81, 74, 148.92, 1335, 6251, 19295, 75
2026/09/29 09:35:02.412, 78, 72, 149.97, 1335, 6251, 19295, 76
2026/09/29 09:35:02.512, 78, 72, 147.44, 1245, 6251, 19295, 75
2026/09/29 09:35:02.612, 86, 78, 148.90, 1335, 6251, 19295, 75
2026/09/29 09:35:02.712, 86, 78, 150.38, 1335, 6251, 19295, 75
2026/09/29 09:35:02.816, 81, 74, 148.26, 1245, 6251, 19295, 75
2026/09/29 09:35:02.916, 81, 74, 149.24, 1335, 6251, 19295, 75
2026/09/29 09:35:03.017, 78, 72, 151.01, 1335, 6251, 19295, 76
2026/09/29 09:35:03.117, 78, 72, 149.31, 1245, 6251, 19295, 75
2026/09/29 09:35:03.217, 83, 75, 150.63, 1335, 6251, 19295, 76
2026/09/29 09:35:03.317, 83, 75, 149.75, 1275, 6251, 19295, 76
2026/09/29 09:35:03.417, 86, 78, 149.63, 1245, 6251, 19295, 76
2026/09/29 09:35:03.517, 86, 78, 151.36, 1350, 6251, 19295, 76
2026/09/29 09:35:03.618, 77, 70, 148.84, 1215, 6251, 19295, 75
2026/09/29 09:35:03.718, 77, 70, 149.71, 1425, 6251, 19295, 76
2026/09/29 09:35:03.821, 78, 72, 149.87, 1335, 6251, 19295, 76
2026/09/29 09:35:03.921, 78, 72, 149.96, 1245, 6251, 19295, 75
2026/09/29 09:35:04.021, 86, 78, 149.94, 1335, 6251, 19295, 76
2026/09/29 09:35:04.121, 86, 78, 149.84, 1335, 6251, 19295, 76
2026/09/29 09:35:04.222, 82, 75, 149.85, 1245, 6251, 19295, 75
2026/09/29 09:35:04.322, 82, 75, 149.88, 1320, 6251, 19295, 76
2026/09/29 09:35:04.422, 75, 70, 149.99, 1305, 6251, 19295, 76
2026/09/29 09:35:04.522, 75, 70, 141.46, 1590, 6251, 19295, 74
2026/09/29 09:35:04.622, 34, 12, 145.56, 1680, 6251, 19295, 75
2026/09/29 09:35:04.722, 34, 12, 149.04, 1110, 6251, 19295, 75
2026/09/29 09:35:04.823, 100, 38, 146.82, 1155, 6251, 19295, 76
2026/09/29 09:35:04.923, 100, 38, 147.52, 1140, 6251, 19295, 76
2026/09/29 09:35:05.023, 100, 38, 148.65, 1155, 6251, 19295, 76
2026/09/29 09:35:05.123, 100, 38, 147.78, 1140, 6251, 19295, 76
2026/09/29 09:35:05.223, 100, 40, 148.21, 1140, 6251, 19295, 76
2026/09/29 09:35:05.323, 100, 40, 149.11, 1140, 6251, 19295, 76
2026/09/29 09:35:05.424, 100, 40, 147.89, 1110, 6251, 19295, 76
2026/09/29 09:35:05.524, 100, 40, 147.72, 1050, 6251, 19295, 76
2026/09/29 09:35:05.624, 100, 38, 155.41, 1155, 6251, 19295, 76
2026/09/29 09:35:05.724, 100, 38, 149.74, 1125, 6251, 19295, 76
2026/09/29 09:35:05.824, 93, 35, 150.53, 1260, 6251, 19295, 76
2026/09/29 09:35:05.925, 93, 35, 150.60, 1125, 6251, 19295, 76
2026/09/29 09:35:06.025, 100, 38, 150.34, 1140, 6251, 19295, 76
2026/09/29 09:35:06.125, 100, 38, 150.30, 1125, 6251, 19295, 76
2026/09/29 09:35:06.225, 100, 38, 150.71, 1155, 6251, 19295, 77
2026/09/29 09:35:06.325, 100, 38, 150.70, 1140, 6251, 19295, 77
2026/09/29 09:35:06.425, 100, 37, 149.67, 1050, 6251, 19295, 76
2026/09/29 09:35:06.526, 100, 37, 149.84, 1125, 6251, 19295, 76
2026/09/29 09:35:06.626, 100, 39, 151.31, 1125, 6251, 19295, 76
2026/09/29 09:35:06.726, 100, 39, 150.90, 1110, 6251, 19295, 76
2026/09/29 09:35:06.826, 100, 38, 152.28, 1155, 6251, 19295, 77
2026/09/29 09:35:06.926, 100, 38, 151.69, 1140, 6251, 19295, 77
2026/09/29 09:35:07.026, 99, 39, 152.08, 1185, 6251, 19295, 77
2026/09/29 09:35:07.127, 99, 39, 152.30, 1140, 6251, 19295, 77
2026/09/29 09:35:07.227, 100, 39, 151.82, 1140, 6251, 19295, 77
2026/09/29 09:35:07.327, 100, 39, 150.85, 1110, 6251, 19295, 77
2026/09/29 09:35:07.427, 100, 39, 150.79, 1095, 6251, 19295, 77
2026/09/29 09:35:07.527, 100, 39, 151.26, 1125, 6251, 19295, 77
2026/09/29 09:35:07.628, 75, 30, 144.29, 1230, 6251, 19295, 76
2026/09/29 09:35:07.728, 75, 30, 138.06, 1305, 6251, 19295, 76
2026/09/29 09:35:07.828, 37, 15, 143.62, 1665, 6251, 19295, 77
2026/09/29 09:35:07.929, 37, 15, 142.63, 1125, 6251, 19295, 76
2026/09/29 09:35:08.029, 100, 38, 142.64, 1140, 6251, 19295, 77
2026/09/29 09:35:08.129, 100, 38, 142.35, 1125, 6251, 19295, 77
2026/09/29 09:35:08.229, 100, 37, 142.90, 1155, 6251, 19295, 77
2026/09/29 09:35:08.329, 100, 37, 143.07, 1140, 6251, 19295, 77
2026/09/29 09:35:08.429, 100, 39, 143.53, 1125, 6251, 19295, 77
2026/09/29 09:35:08.530, 100, 39, 144.40, 1155, 6251, 19295, 77
2026/09/29 09:35:08.630, 100, 39, 144.35, 1095, 6251, 19295, 77
2026/09/29 09:35:08.730, 100, 39, 150.05, 1065, 6251, 19295, 77
2026/09/29 09:35:08.830, 100, 39, 156.46, 1140, 6251, 19295, 77
2026/09/29 09:35:08.930, 100, 39, 151.21, 1155, 6251, 19295, 77
2026/09/29 09:35:09.030, 85, 33, 146.20, 1155, 6251, 19295, 77
2026/09/29 09:35:09.131, 85, 33, 139.22, 1620, 6251, 19295, 76
2026/09/29 09:35:09.231, 88, 75, 139.79, 1305, 6251, 19295, 76
2026/09/29 09:35:09.331, 88, 75, 137.07, 1170, 6251, 19295, 77
2026/09/29 09:35:09.431, 92, 82, 137.72, 1230, 6251, 19295, 76
2026/09/29 09:35:09.531, 92, 82, 138.23, 1335, 6251, 19295, 77
2026/09/29 09:35:09.631, 78, 71, 134.61, 1170, 6251, 19295, 76
2026/09/29 09:35:09.731, 78, 71, 136.07, 1275, 6251, 19295, 77
2026/09/29 09:35:09.832, 72, 66, 137.64, 1410, 6251, 19295, 77
2026/09/29 09:35:09.932, 72, 66, 135.40, 1245, 6251, 19295, 77
2026/09/29 09:35:10.032, 87, 79, 136.23, 1260, 6251, 19295, 77
2026/09/29 09:35:10.132, 87, 79, 141.05, 1350, 6251, 19295, 77
2026/09/29 09:35:10.232, 81, 74, 147.16, 1245, 6251, 19295, 77
2026/09/29 09:35:10.332, 81, 74, 147.87, 1350, 6251, 19295, 77
2026/09/29 09:35:10.433, 78, 71, 148.35, 1260, 6251, 19295, 77
2026/09/29 09:35:10.533, 78, 71, 149.37, 1245, 6251, 19295, 77
2026/09/29 09:35:10.633, 80, 72, 149.09, 1335, 6251, 19295, 77
2026/09/29 09:35:10.733, 80, 72, 149.73, 1275, 6251, 19295, 76
2026/09/29 09:35:10.833, 79, 72, 149.73, 1335, 6251, 19295, 77
2026/09/29 09:35:10.933, 79, 72, 147.71, 1335, 6251, 19295, 77
2026/09/29 09:35:11.034, 87, 78, 151.27, 1155, 6251, 19295, 76
2026/09/29 09:35:11.134, 87, 78, 149.85, 1260, 6251, 19295, 77
2026/09/29 09:35:11.234, 78, 71, 148.32, 1365, 6251, 19295, 76
2026/09/29 09:35:11.334, 78, 71, 150.26, 1245, 6251, 19295, 77
2026/09/29 09:35:11.434, 79, 72, 149.19, 1275, 6251, 19295, 77
2026/09/29 09:35:11.534, 79, 72, 143.65, 1650, 6251, 19295, 75
2026/09/29 09:35:11.635, 8, 0, 135.40, 1680, 6251, 19295, 75
2026/09/29 09:35:11.735, 8, 0, 139.20, 1170, 6251, 19295, 76
2026/09/29 09:35:11.835, 100, 31, 141.75, 1185, 6251, 19295, 76
2026/09/29 09:35:11.935, 100, 31, 140.88, 1185, 6251, 19295, 77
2026/09/29 09:35:12.035, 100, 31, 142.61, 1185, 6251, 19295, 77
2026/09/29 09:35:12.135, 100, 31, 141.68, 1170, 6251, 19295, 77
2026/09/29 09:35:12.235, 100, 31, 142.08, 1185, 6251, 19295, 77
2026/09/29 09:35:12.336, 100, 31, 143.69, 1200, 6251, 19295, 77
2026/09/29 09:35:12.436, 35, 9, 135.33, 1635, 6251, 19295, 76
2026/09/29 09:35:12.536, 35, 9, 135.42, 1290, 6251, 19295, 77
2026/09/29 09:35:12.636, 79, 71, 145.01, 1245, 6251, 19295, 77
2026/09/29 09:35:12.736, 79, 71, 151.96, 1275, 6251, 19295, 77
2026/09/29 09:35:12.837, 80, 74, 146.18, 1305, 6251, 19295, 77
2026/09/29 09:35:12.937, 80, 74, 147.39, 1245, 6251, 19295, 77
2026/09/29 09:35:13.037, 78, 72, 147.21, 1305, 6251, 19295, 77
2026/09/29 09:35:13.137, 78, 72, 145.68, 1350, 6251, 19295, 77
2026/09/29 09:35:13.237, 86, 78, 146.93, 1245, 6251, 19295, 77
2026/09/29 09:35:13.337, 86, 78, 145.86, 1275, 6251, 19295, 77
2026/09/29 09:35:13.438, 86, 76, 147.25, 1245, 6251, 19295, 77
2026/09/29 09:35:13.538, 86, 76, 154.68, 1305, 6251, 19295, 77
2026/09/29 09:35:13.638, 80, 74, 152.44, 1365, 6251, 19295, 77
2026/09/29 09:35:13.738, 80, 74, 151.45, 1245, 6251, 19295, 77
2026/09/29 09:35:13.838, 77, 71, 150.33, 1335, 6251, 19295, 77
2026/09/29 09:35:13.938, 77, 71, 152.46, 1290, 6251, 19295, 77
2026/09/29 09:35:14.039, 83, 75, 152.25, 1245, 6251, 19295, 77
2026/09/29 09:35:14.139, 83, 75, 149.80, 1335, 6251, 19295, 77
2026/09/29 09:35:14.239, 88, 79, 152.25, 1155, 6251, 19295, 77
2026/09/29 09:35:14.341, 88, 79, 151.17, 1365, 6251, 19295, 77
2026/09/29 09:35:14.441, 79, 73, 149.56, 1335, 6251, 19295, 77
2026/09/29 09:35:14.541, 79, 73, 149.71, 1245, 6251, 19295, 77
2026/09/29 09:35:14.641, 78, 71, 149.57, 1290, 6251, 19295, 77
2026/09/29 09:35:14.741, 78, 71, 149.38, 1365, 6251, 19295, 77
2026/09/29 09:35:14.841, 87, 79, 149.26, 1245, 6251, 19295, 77
2026/09/29 09:35:14.942, 87, 79, 150.11, 1305, 6251, 19295, 78
2026/09/29 09:35:15.042, 31, 28, 142.39, 1650, 6251, 19295, 76
2026/09/29 09:35:15.142, 31, 28, 134.63, 1680, 6251, 19295, 75
2026/09/29 09:35:15.242, 40, 12, 142.43, 1245, 6251, 19295, 77
2026/09/29 09:35:15.342, 40, 12, 141.14, 1185, 6251, 19295, 77
2026/09/29 09:35:15.442, 100, 30, 140.55, 1170, 6251, 19295, 77
2026/09/29 09:35:15.543, 100, 30, 143.29, 1170, 6251, 19295, 77
2026/09/29 09:35:15.643, 100, 30, 142.08, 1185, 6251, 19295, 78
2026/09/29 09:35:15.743, 100, 30, 142.21, 1185, 6251, 19295, 78
2026/09/29 09:35:15.843, 100, 30, 144.28, 1185, 6251, 19295, 78
2026/09/29 09:35:15.943, 100, 30, 135.69, 1635, 6251, 19295, 76
2026/09/29 09:35:16.043, 62, 50, 135.40, 1305, 6251, 19295, 77
2026/09/29 09:35:16.144, 62, 50, 144.64, 1275, 6251, 19295, 77
2026/09/29 09:35:16.244, 77, 71, 150.36, 1320, 6251, 19295, 77
2026/09/29 09:35:16.344, 77, 71, 145.36, 1275, 6251, 19295, 77
2026/09/29 09:35:16.444, 77, 70, 146.13, 1245, 6251, 19295, 77
2026/09/29 09:35:16.544, 77, 70, 143.78, 1350, 6251, 19295, 77
2026/09/29 09:35:16.644, 89, 80, 144.96, 1230, 6251, 19295, 78
2026/09/29 09:35:16.745, 89, 80, 145.21, 1275, 6251, 19295, 78
2026/09/29 09:35:16.845, 80, 73, 141.99, 1230, 6251, 19295, 77
2026/09/29 09:35:16.945, 80, 73, 143.75, 1335, 6251, 19295, 78
2026/09/29 09:35:17.045, 77, 71, 148.81, 1350, 6251, 19295, 78
2026/09/29 09:35:17.145, 77, 71, 150.06, 1245, 6251, 19295, 77
2026/09/29 09:35:17.245, 77, 71, 148.29, 1305, 6251, 19295, 77
2026/09/29 09:35:17.346, 77, 71, 147.04, 1380, 6251, 19295, 78
2026/09/29 09:35:17.446, 86, 78, 147.79, 1245, 6251, 19295, 78
2026/09/29 09:35:17.547, 86, 78, 146.81, 1335, 6251, 19295, 78
2026/09/29 09:35:17.647, 82, 75, 150.74, 1260, 6251, 19295, 78
2026/09/29 09:35:17.747, 82, 75, 150.35, 1245, 6251, 19295, 78
2026/09/29 09:35:17.847, 78, 70, 147.00, 1335, 6251, 19295, 77
2026/09/29 09:35:17.948, 78, 70, 151.21, 1230, 6251, 19295, 77
2026/09/29 09:35:18.048, 78, 71, 149.82, 1275, 6251, 19295, 78
2026/09/29 09:35:18.148, 78, 71, 149.26, 1335, 6251, 19295, 77
2026/09/29 09:35:18.248, 87, 78, 149.26, 1245, 6251, 19295, 77
2026/09/29 09:35:18.348, 87, 78, 149.35, 1275, 6251, 19295, 78
2026/09/29 09:35:18.448, 80, 73, 149.14, 1350, 6251, 19295, 77
2026/09/29 09:35:18.549, 80, 73, 149.37, 1245, 6251, 19295, 78
2026/09/29 09:35:18.649, 78, 72, 149.53, 1245, 6251, 19295, 78
2026/09/29 09:35:18.749, 78, 72, 147.23, 1320, 6251, 19295, 78
2026/09/29 09:35:18.849, 82, 75, 147.61, 1245, 6251, 19295, 78
2026/09/29 09:35:18.949, 82, 75, 148.07, 1260, 6251, 19295, 78
2026/09/29 09:35:19.049, 89, 80, 147.64, 1320, 6251, 19295, 78
2026/09/29 09:35:19.150, 89, 80, 147.66, 1230, 6251, 19295, 78
2026/09/29 09:35:19.250, 78, 71, 148.11, 1275, 6251, 19295, 78
2026/09/29 09:35:19.350, 78, 71, 148.46, 1335, 6251, 19295, 78
2026/09/29 09:35:19.450, 78, 71, 148.26, 1245, 6251, 19295, 78
2026/09/29 09:35:19.550, 78, 71, 147.74, 1275, 6251, 19295, 78
2026/09/29 09:35:19.652, 87, 78, 147.74, 1365, 6251, 19295, 78
2026/09/29 09:35:19.752, 87, 78, 148.31, 1245, 6251, 19295, 78
2026/09/29 09:35:19.852, 81, 74, 147.47, 1290, 6251, 19295, 78
2026/09/29 09:35:19.952, 81, 74, 147.46, 1350, 6251, 19295, 78
2026/09/29 09:35:20.052, 75, 69, 148.76, 1245, 6251, 19295, 78
2026/09/29 09:35:20.153, 75, 69, 149.56, 1335, 6251, 19295, 78
2026/09/29 09:35:20.253, 79, 71, 149.54, 1200, 6251, 19295, 78
2026/09/29 09:35:20.353, 79, 71, 149.54, 1260, 6251, 19295, 78
2026/09/29 09:35:20.453, 89, 80, 149.60, 1335, 6251, 19295, 78
2026/09/29 09:35:20.553, 89, 80, 149.70, 1230, 6251, 19295, 78
2026/09/29 09:35:20.656, 80, 73, 149.56, 1275, 6251, 19295, 78
2026/09/29 09:35:20.756, 80, 73, 149.33, 1350, 6251, 19295, 78
2026/09/29 09:35:20.857, 67, 60, 144.56, 1320, 6251, 19295, 78
2026/09/29 09:35:20.957, 67, 60, 147.04, 1350, 6251, 19295, 78
2026/09/29 09:35:21.057, 78, 71, 146.19, 1245, 6251, 19295, 78
2026/09/29 09:35:21.157, 78, 71, 144.57, 1275, 6251, 19295, 78
2026/09/29 09:35:21.257, 84, 76, 144.86, 1350, 6251, 19295, 78
2026/09/29 09:35:21.357, 84, 76, 143.89, 1245, 6251, 19295, 78
2026/09/29 09:35:21.458, 82, 75, 146.14, 1320, 6251, 19295, 78
2026/09/29 09:35:21.558, 82, 75, 145.95, 1290, 6251, 19295, 78
2026/09/29 09:35:21.658, 78, 71, 144.00, 1245, 6251, 19295, 78
2026/09/29 09:35:21.760, 78, 71, 148.40, 1305, 6251, 19295, 78
2026/09/29 09:35:21.860, 79, 71, 147.35, 1155, 6251, 19295, 78
2026/09/29 09:35:21.960, 79, 71, 149.52, 1275, 6251, 19295, 78
2026/09/29 09:35:22.061, 89, 80, 149.94, 1335, 6251, 19295, 78
2026/09/29 09:35:22.161, 89, 80, 149.40, 1230, 6251, 19295, 78
2026/09/29 09:35:22.261, 81, 74, 149.44, 1275, 6251, 19295, 78
2026/09/29 09:35:22.361, 81, 74, 148.67, 1350, 6251, 19295, 78
2026/09/29 09:35:22.461, 75, 69, 148.67, 1245, 6251, 19295, 78
2026/09/29 09:35:22.561, 75, 69, 148.79, 1320, 6251, 19295, 78
2026/09/29 09:35:22.662, 83, 75, 148.69, 1260, 6251, 19295, 78
2026/09/29 09:35:22.762, 83, 75, 148.14, 1245, 6251, 19295, 78
2026/09/29 09:35:22.862, 88, 80, 147.64, 1275, 6251, 19295, 78
2026/09/29 09:35:22.962, 88, 80, 148.14, 1230, 6251, 19295, 78
2026/09/29 09:35:23.062, 78, 72, 148.51, 1245, 6251, 19295, 78
2026/09/29 09:35:23.162, 78, 72, 148.44, 1335, 6251, 19295, 78
2026/09/29 09:35:23.263, 78, 71, 148.86, 1230, 6251, 19295, 78
2026/09/29 09:35:23.363, 78, 71, 148.89, 1260, 6251, 19295, 78
2026/09/29 09:35:23.463, 82, 74, 149.70, 1290, 6251, 19295, 78
2026/09/29 09:35:23.563, 82, 74, 148.35, 1245, 6251, 19295, 78
2026/09/29 09:35:23.663, 87, 79, 149.30, 1395, 6251, 19295, 78
2026/09/29 09:35:23.763, 87, 79, 148.68, 1245, 6251, 19295, 78
2026/09/29 09:35:23.867, 79, 72, 147.95, 1290, 6251, 19295, 78
2026/09/29 09:35:23.967, 79, 72, 148.55, 1365, 6251, 19295, 78
2026/09/29 09:35:24.068, 78, 72, 147.92, 1245, 6251, 19295, 79
2026/09/29 09:35:24.168, 78, 72, 148.93, 1305, 6251, 19295, 78
2026/09/29 09:35:24.268, 86, 78, 148.93, 1320, 6251, 19295, 78
2026/09/29 09:35:24.368, 86, 78, 147.76, 1245, 6251, 19295, 79
2026/09/29 09:35:24.468, 84, 77, 152.05, 1305, 6251, 19295, 78
2026/09/29 09:35:24.568, 84, 77, 151.17, 1245, 6251, 19295, 78
2026/09/29 09:35:24.668, 78, 71, 150.37, 1245, 6251, 19295, 78
2026/09/29 09:35:24.769, 78, 71, 150.52, 1350, 6251, 19295, 79
2026/09/29 09:35:24.869, 65, 60, 147.01, 1275, 6251, 19295, 79
2026/09/29 09:35:24.969, 65, 60, 151.32, 1320, 6251, 19295, 78
2026/09/29 09:35:25.069, 77, 70, 149.82, 1200, 6251, 19295, 78
2026/09/29 09:35:25.169, 77, 70, 147.01, 1275, 6251, 19295, 79
2026/09/29 09:35:25.270, 87, 78, 149.47, 1365, 6251, 19295, 78
2026/09/29 09:35:25.370, 87, 78, 148.08, 1245, 6251, 19295, 79
2026/09/29 09:35:25.470, 81, 74, 148.65, 1305, 6251, 19295, 79
2026/09/29 09:35:25.570, 81, 74, 148.61, 1305, 6251, 19295, 79
2026/09/29 09:35:25.670, 77, 71, 146.25, 1245, 6251, 19295, 79
2026/09/29 09:35:25.770, 77, 71, 150.92, 1320, 6251, 19295, 79
2026/09/29 09:35:25.870, 81, 73, 150.24, 1170, 6251, 19295, 79
2026/09/29 09:35:25.973, 81, 73, 150.52, 1245, 6251, 19295, 78
2026/09/29 09:35:26.073, 89, 79, 150.26, 1380, 6251, 19295, 78
2026/09/29 09:35:26.174, 89, 79, 150.59, 1230, 6251, 19295, 79
2026/09/29 09:35:26.274, 80, 73, 151.33, 1290, 6251, 19295, 78
2026/09/29 09:35:26.374, 80, 73, 151.24, 1350, 6251, 19295, 78
2026/09/29 09:35:26.474, 78, 72, 151.06, 1245, 6251, 19295, 79
2026/09/29 09:35:26.574, 78, 72, 151.12, 1245, 6251, 19295, 79
2026/09/29 09:35:26.674, 84, 76, 150.91, 1320, 6251, 19295, 79
2026/09/29 09:35:26.775, 84, 76, 149.86, 1170, 6251, 19295, 79
2026/09/29 09:35:26.875, 89, 80, 148.69, 1245, 6251, 19295, 79
2026/09/29 09:35:26.975, 89, 80, 148.53, 1365, 6251, 19295, 79
2026/09/29 09:35:27.075, 78, 71, 149.25, 1230, 6251, 19295, 79
2026/09/29 09:35:27.175, 78, 71, 149.35, 1260, 6251, 19295, 79
2026/09/29 09:35:27.275, 78, 71, 149.22, 1395, 6251, 19295, 79
2026/09/29 09:35:27.376, 78, 71, 149.85, 1245, 6251, 19295, 79
2026/09/29 09:35:27.476, 86, 78, 149.84, 1305, 6251, 19295, 79
2026/09/29 09:35:27.576, 86, 78, 149.18, 1290, 6251, 19295, 79
2026/09/29 09:35:27.677, 85, 77, 150.74, 1245, 6251, 19295, 79
2026/09/29 09:35:27.777, 85, 77, 150.39, 1305, 6251, 19295, 79
2026/09/29 09:35:27.877, 77, 70, 149.77, 1200, 6251, 19295, 79
2026/09/29 09:35:27.977, 77, 70, 150.40, 1260, 6251, 19295, 79
2026/09/29 09:35:28.078, 78, 71, 150.50, 1320, 6251, 19295, 79
2026/09/29 09:35:28.178, 78, 71, 149.29, 1215, 6251, 19295, 79
2026/09/29 09:35:28.278, 87, 78, 149.23, 1275, 6251, 19295, 79
2026/09/29 09:35:28.378, 87, 78, 149.20, 1365, 6251, 19295, 79
2026/09/29 09:35:28.479, 81, 74, 148.80, 1245, 6251, 19295, 79
2026/09/29 09:35:28.579, 81, 74, 149.08, 1320, 6251, 19295, 79
2026/09/29 09:35:28.679, 75, 68, 145.19, 1275, 6251, 19295, 79
2026/09/29 09:35:28.779, 75, 68, 148.02, 1515, 6251, 19295, 79
2026/09/29 09:35:28.879, 14, 13, 140.46, 1680, 6251, 19295, 77
2026/09/29 09:35:28.980, 14, 13, 149.10, 1065, 6251, 19295, 79
2026/09/29 09:35:29.080, 100, 37, 147.75, 1140, 6251, 19295, 79
2026/09/29 09:35:29.180, 100, 37, 147.41, 1125, 6251, 19295, 79
2026/09/29 09:35:29.280, 100, 39, 150.61, 1110, 6251, 19295, 79
2026/09/29 09:35:29.380, 100, 39, 149.52, 1125, 6251, 19295, 79
2026/09/29 09:35:29.480, 100, 37, 149.58, 1140, 6251, 19295, 79
2026/09/29 09:35:29.581, 100, 37, 151.48, 1140, 6251, 19295, 79
2026/09/29 09:35:29.681, 100, 39, 150.01, 1110, 6251, 19295, 79
2026/09/29 09:35:29.781, 100, 39, 152.20, 870, 6251, 19295, 79
2026/09/29 09:35:29.881, 100, 30, 148.96, 1155, 6251, 19295, 79
2026/09/29 09:35:29.981, 100, 30, 155.85, 1110, 6251, 19295, 79
2026/09/29 09:35:30.081, 100, 38, 150.21, 1125, 6251, 19295, 79
2026/09/29 09:35:30.183, 100, 38, 150.48, 1215, 6251, 19295, 80
2026/09/29 09:35:30.283, 92, 36, 150.52, 1125, 6251, 19295, 80
2026/09/29 09:35:30.383, 92, 36, 150.57, 1125, 6251, 19295, 80
2026/09/29 09:35:30.483, 100, 38, 150.46, 1125, 6251, 19295, 80
2026/09/29 09:35:30.583, 100, 38, 150.16, 1110, 6251, 19295, 80
2026/09/29 09:35:30.684, 100, 38, 150.17, 1035, 6251, 19295, 80
2026/09/29 09:35:30.784, 100, 38, 149.04, 1065, 6251, 19295, 79
2026/09/29 09:35:30.884, 100, 36, 149.42, 1110, 6251, 19295, 79
2026/09/29 09:35:30.984, 100, 36, 149.97, 1095, 6251, 19295, 80
2026/09/29 09:35:31.084, 100, 37, 149.00, 1110, 6251, 19295, 79
2026/09/29 09:35:31.186, 100, 37, 149.27, 1095, 6251, 19295, 80
2026/09/29 09:35:31.286, 100, 37, 148.85, 1095, 6251, 19295, 80
2026/09/29 09:35:31.386, 100, 37, 148.49, 1080, 6251, 19295, 80
2026/09/29 09:35:31.486, 99, 37, 147.79, 1035, 6251, 19295, 80
2026/09/29 09:35:31.587, 99, 37, 147.88, 1035, 6251, 19295, 80
2026/09/29 09:35:31.687, 100, 50, 148.32, 1065, 6251, 19295, 80
2026/09/29 09:35:31.787, 100, 50, 147.75, 1065, 6251, 19295, 80
2026/09/29 09:35:31.887, 100, 47, 148.44, 1290, 6251, 19295, 80
2026/09/29 09:35:31.987, 100, 47, 146.53, 1575, 6251, 19295, 79
2026/09/29 09:35:32.087, 63, 27, 148.11, 1140, 6251, 19295, 79
2026/09/29 09:35:32.188, 63, 27, 142.49, 1125, 6251, 19295, 79
2026/09/29 09:35:32.288, 100, 41, 142.02, 1125, 6251, 19295, 79
2026/09/29 09:35:32.388, 100, 41, 141.98, 1125, 6251, 19295, 80
2026/09/29 09:35:32.488, 100, 35, 142.21, 1110, 6251, 19295, 80
2026/09/29 09:35:32.588, 100, 35, 143.15, 1110, 6251, 19295, 80
2026/09/29 09:35:32.688, 100, 38, 143.11, 1140, 6251, 19295, 80
2026/09/29 09:35:32.788, 100, 38, 143.21, 1125, 6251, 19295, 80
2026/09/29 09:35:32.889, 100, 38, 143.72, 825, 6251, 19295, 80
2026/09/29 09:35:32.989, 100, 38, 143.99, 1110, 6251, 19295, 80
2026/09/29 09:35:33.089, 100, 36, 144.80, 1080, 6251, 19295, 80
2026/09/29 09:35:33.189, 100, 36, 143.93, 1095, 6251, 19295, 80
2026/09/29 09:35:33.290, 100, 36, 149.84, 1140, 6251, 19295, 80
2026/09/29 09:35:33.390, 100, 36, 150.03, 1500, 6251, 19295, 80
2026/09/29 09:35:33.490, 22, 6, 147.65, 1275, 6251, 19295, 80
2026/09/29 09:35:33.590, 22, 6, 141.01, 1365, 6251, 19295, 79
2026/09/29 09:35:33.690, 77, 71, 141.63, 1350, 6251, 19295, 79
2026/09/29 09:35:33.790, 77, 71, 141.79, 1245, 6251, 19295, 80
2026/09/29 09:35:33.891, 86, 78, 140.33, 1305, 6251, 19295, 79
2026/09/29 09:35:33.991, 86, 78, 141.48, 1245, 6251, 19295, 80
2026/09/29 09:35:34.091, 88, 79, 140.36, 1215, 6251, 19295, 80
2026/09/29 09:35:34.191, 88, 79, 143.51, 1305, 6251, 19295, 80
2026/09/29 09:35:34.291, 78, 72, 144.47, 1140, 6251, 19295, 80
2026/09/29 09:35:34.391, 78, 72, 143.41, 1245, 6251, 19295, 80
2026/09/29 09:35:34.492, 80, 71, 143.24, 1335, 6251, 19295, 79
2026/09/29 09:35:34.592, 80, 71, 146.31, 1215, 6251, 19295, 80
2026/09/29 09:35:34.692, 89, 79, 150.70, 1275, 6251, 19295, 79
2026/09/29 09:35:34.792, 89, 79, 150.60, 1365, 6251, 19295, 80
2026/09/29 09:35:34.892, 80, 73, 150.64, 1245, 6251, 19295, 80
2026/09/29 09:35:34.992, 80, 73, 150.21, 1290, 6251, 19295, 79
2026/09/29 09:35:35.092, 78, 72, 150.44, 1275, 6251, 19295, 80
2026/09/29 09:35:35.193, 78, 72, 150.75, 1245, 6251, 19295, 80
2026/09/29 09:35:35.293, 79, 72, 150.58, 1305, 6251, 19295, 80
2026/09/29 09:35:35.394, 79, 72, 150.32, 1215, 6251, 19295, 80
2026/09/29 09:35:35.495, 89, 79, 149.75, 1260, 6251, 19295, 80
2026/09/29 09:35:35.595, 89, 79, 150.76, 1350, 6251, 19295, 80
2026/09/29 09:35:35.695, 81, 74, 150.43, 1230, 6251, 19295, 80
2026/09/29 09:35:35.795, 81, 74, 150.43, 1305, 6251, 19295, 80
2026/09/29 09:35:35.895, 78, 71, 151.01, 1320, 6251, 19295, 80
2026/09/29 09:35:35.995, 78, 71, 150.28, 1260, 6251, 19295, 80
2026/09/29 09:35:36.096, 84, 75, 152.66, 1245, 6251, 19295, 80
2026/09/29 09:35:36.196, 84, 75, 152.21, 1245, 6251, 19295, 80
2026/09/29 09:35:36.296, 89, 79, 150.59, 1185, 6251, 19295, 80
2026/09/29 09:35:36.396, 89, 79, 149.72, 1185, 6251, 19295, 80
2026/09/29 09:35:36.496, 77, 70, 148.98, 1365, 6251, 19295, 79
2026/09/29 09:35:36.596, 77, 70, 147.76, 1245, 6251, 19295, 79
2026/09/29 09:35:36.697, 78, 71, 148.39, 1305, 6251, 19295, 80
2026/09/29 09:35:36.797, 78, 71, 147.59, 1200, 6251, 19295, 80
2026/09/29 09:35:36.897, 71, 62, 150.78, 1320, 6251, 19295, 80
2026/09/29 09:35:36.997, 71, 62, 148.26, 1305, 6251, 19295, 80
2026/09/29 09:35:37.097, 85, 77, 148.80, 1245, 6251, 19295, 80
2026/09/29 09:35:37.197, 85, 77, 149.20, 1290, 6251, 19295, 80
2026/09/29 09:35:37.297, 89, 79, 146.33, 1095, 6251, 19295, 79
2026/09/29 09:35:37.398, 89, 79, 149.84, 1245, 6251, 19295, 80
2026/09/29 09:35:37.500, 80, 72, 149.26, 1320, 6251, 19295, 80
2026/09/29 09:35:37.600, 80, 72, 146.09, 1245, 6251, 19295, 80
2026/09/29 09:35:37.700, 75, 69, 150.62, 1320, 6251, 19295, 80
2026/09/29 09:35:37.800, 75, 69, 148.77, 1245, 6251, 19295, 80
2026/09/29 09:35:37.901, 82, 74, 150.32, 1245, 6251, 19295, 80
2026/09/29 09:35:38.001, 82, 74, 150.18, 1365, 6251, 19295, 79
2026/09/29 09:35:38.101, 89, 79, 148.77, 1215, 6251, 19295, 79
2026/09/29 09:35:38.201, 89, 79, 149.93, 1260, 6251, 19295, 80
2026/09/29 09:35:38.301, 81, 73, 148.88, 1335, 6251, 19295, 80
2026/09/29 09:35:38.401, 81, 73, 148.18, 1245, 6251, 19295, 80
2026/09/29 09:35:38.502, 78, 72, 148.31, 1320, 6251, 19295, 80
2026/09/29 09:35:38.604, 78, 72, 148.34, 1275, 6251, 19295, 80
2026/09/29 09:35:38.704, 83, 75, 151.81, 1245, 6251, 19295, 80
2026/09/29 09:35:38.804, 83, 75, 151.71, 1290, 6251, 19295, 80
2026/09/29 09:35:38.904, 89, 79, 149.49, 1230, 6251, 19295, 80
2026/09/29 09:35:39.004, 89, 79, 149.36, 1275, 6251, 19295, 80
2026/09/29 09:35:39.104, 80, 73, 148.60, 1350, 6251, 19295, 80
2026/09/29 09:35:39.205, 80, 73, 149.22, 1245, 6251, 19295, 80
2026/09/29 09:35:39.305, 78, 71, 149.42, 1290, 6251, 19295, 80
2026/09/29 09:35:39.405, 78, 71, 148.32, 1185, 6251, 19295, 80
2026/09/29 09:35:39.505, 82, 73, 152.12, 1245, 6251, 19295, 80
2026/09/29 09:35:39.608, 82, 73, 151.33, 1350, 6251, 19295, 80
2026/09/29 09:35:39.708, 89, 79, 149.15, 1215, 6251, 19295, 80
2026/09/29 09:35:39.808, 89, 79, 149.62, 1260, 6251, 19295, 80
2026/09/29 09:35:39.908, 80, 72, 149.04, 1365, 6251, 19295, 80
2026/09/29 09:35:40.008, 80, 72, 149.24, 1245, 6251, 19295, 80
2026/09/29 09:35:40.108, 78, 72, 149.85, 1365, 6251, 19295, 80
2026/09/29 09:35:40.209, 78, 72, 151.85, 1110, 6251, 19295, 80
2026/09/29 09:35:40.309, 79, 70, 153.74, 1245, 6251, 19295, 80
2026/09/29 09:35:40.409, 79, 70, 150.63, 1320, 6251, 19295, 80
2026/09/29 09:35:40.509, 88, 78, 150.83, 1230, 6251, 19295, 80
2026/09/29 09:35:40.609, 88, 78, 150.43, 1290, 6251, 19295, 80
2026/09/29 09:35:40.709, 80, 73, 151.57, 1335, 6251, 19295, 80
2026/09/29 09:35:40.810, 80, 73, 151.61, 1335, 6251, 19295, 80
2026/09/29 09:35:40.910, 71, 66, 149.30, 1305, 6251, 19295, 80
2026/09/29 09:35:41.010, 71, 66, 152.86, 1230, 6251, 19295, 80
2026/09/29 09:35:41.110, 78, 72, 151.05, 1305, 6251, 19295, 80
2026/09/29 09:35:41.210, 78, 72, 151.39, 1290, 6251, 19295, 80
2026/09/29 09:35:41.310, 85, 77, 150.73, 1245, 6251, 19295, 80
2026/09/29 09:35:41.411, 85, 77, 147.44, 1320, 6251, 19295, 80
2026/09/29 09:35:41.511, 88, 79, 151.06, 1170, 6251, 19295, 80
2026/09/29 09:35:41.611, 88, 79, 149.40, 1245, 6251, 19295, 80
2026/09/29 09:35:41.712, 86, 78, 148.64, 1260, 6251, 19295, 80
2026/09/29 09:35:41.813, 86, 78, 150.72, 1170, 6251, 19295, 80
2026/09/29 09:35:41.913, 85, 75, 150.00, 1230, 6251, 19295, 80
2026/09/29 09:35:42.013, 85, 75, 150.04, 1290, 6251, 19295, 80
2026/09/29 09:35:42.113, 89, 79, 149.60, 1200, 6251, 19295, 80
2026/09/29 09:35:42.213, 89, 79, 149.99, 1170, 6251, 19295, 80
2026/09/29 09:35:42.313, 89, 79, 148.68, 1245, 6251, 19295, 80
2026/09/29 09:35:42.413, 89, 79, 147.14, 1230, 6251, 19295, 80
2026/09/29 09:35:42.514, 95, 83, 150.73, 1215, 6251, 19295, 80
2026/09/29 09:35:42.614, 95, 83, 149.85, 1230, 6251, 19295, 80
2026/09/29 09:35:42.714, 88, 80, 148.26, 1320, 6251, 19295, 80
2026/09/29 09:35:42.816, 88, 80, 149.99, 1200, 6251, 19295, 80
2026/09/29 09:35:42.916, 78, 71, 149.06, 1245, 6251, 19295, 80
2026/09/29 09:35:43.016, 78, 71, 145.76, 1275, 6251, 19295, 80
2026/09/29 09:35:43.117, 93, 83, 148.44, 1200, 6251, 19295, 80
2026/09/29 09:35:43.217, 93, 83, 147.95, 1260, 6251, 19295, 80
2026/09/29 09:35:43.317, 80, 73, 144.98, 1350, 6251, 19295, 80
2026/09/29 09:35:43.417, 80, 73, 147.32, 1215, 6251, 19295, 80
2026/09/29 09:35:43.517, 78, 72, 147.01, 1320, 6251, 19295, 80
2026/09/29 09:35:43.618, 78, 72, 147.62, 1260, 6251, 19295, 80
2026/09/29 09:35:43.718, 84, 76, 148.53, 1245, 6251, 19295, 80
2026/09/29 09:35:43.820, 84, 76, 147.64, 1350, 6251, 19295, 80
2026/09/29 09:35:43.921, 89, 79, 147.60, 1230, 6251, 19295, 80
2026/09/29 09:35:44.021, 89, 79, 147.84, 1275, 6251, 19295, 80
2026/09/29 09:35:44.121, 80, 73, 148.90, 1350, 6251, 19295, 80
2026/09/29 09:35:44.221, 80, 73, 149.45, 1245, 6251, 19295, 80
2026/09/29 09:35:44.321, 78, 72, 148.84, 1305, 6251, 19295, 80
2026/09/29 09:35:44.422, 78, 72, 152.56, 1230, 6251, 19295, 80
2026/09/29 09:35:44.522, 84, 75, 151.67, 1245, 6251, 19295, 80
2026/09/29 09:35:44.622, 84, 75, 149.53, 1245, 6251, 19295, 80
2026/09/29 09:35:44.722, 89, 79, 149.46, 1320, 6251, 19295, 80
2026/09/29 09:35:44.822, 89, 79, 148.84, 1215, 6251, 19295, 80
2026/09/29 09:35:44.922, 81, 73, 148.56, 1335, 6251, 19295, 80
2026/09/29 09:35:45.022, 81, 73, 149.26, 1275, 6251, 19295, 80
2026/09/29 09:35:45.123, 77, 71, 147.82, 1245, 6251, 19295, 80
2026/09/29 09:35:45.223, 77, 71, 151.31, 1380, 6251, 19295, 80
2026/09/29 09:35:45.323, 70, 60, 148.11, 1245, 6251, 19295, 80
2026/09/29 09:35:45.423, 70, 60, 149.60, 1305, 6251, 19295, 80
2026/09/29 09:35:45.523, 83, 74, 149.68, 1050, 6251, 19295, 80
2026/09/29 09:35:45.623, 83, 74, 146.10, 1245, 6251, 19295, 80
2026/09/29 09:35:45.724, 89, 79, 149.83, 1290, 6251, 19295, 80
2026/09/29 09:35:45.824, 89, 79, 148.90, 1185, 6251, 19295, 80
2026/09/29 09:35:45.925, 80, 72, 145.99, 1290, 6251, 19295, 80
2026/09/29 09:35:46.026, 80, 72, 150.55, 1305, 6251, 19295, 80
2026/09/29 09:35:46.126, 78, 72, 148.39, 1245, 6251, 19295, 80
2026/09/29 09:35:46.226, 78, 72, 150.34, 1305, 6251, 19295, 80
2026/09/29 09:35:46.326, 79, 71, 149.15, 1215, 6251, 19295, 80
2026/09/29 09:35:46.426, 79, 71, 148.44, 1245, 6251, 19295, 80
2026/09/29 09:35:46.526, 89, 79, 148.32, 1335, 6251, 19295, 80
2026/09/29 09:35:46.627, 89, 79, 147.37, 1230, 6251, 19295, 80
2026/09/29 09:35:46.727, 81, 74, 148.96, 1290, 6251, 19295, 80
2026/09/29 09:35:46.827, 81, 74, 149.35, 1305, 6251, 19295, 80
2026/09/29 09:35:46.927, 78, 72, 148.77, 1230, 6251, 19295, 80
2026/09/29 09:35:47.027, 78, 72, 152.66, 1290, 6251, 19295, 80
2026/09/29 09:35:47.127, 81, 73, 151.41, 1200, 6251, 19295, 80
2026/09/29 09:35:47.227, 81, 73, 149.95, 1245, 6251, 19295, 80
2026/09/29 09:35:47.328, 89, 80, 150.17, 1320, 6251, 19295, 80
2026/09/29 09:35:47.428, 89, 80, 149.85, 1245, 6251, 19295, 80
2026/09/29 09:35:47.528, 78, 71, 151.75, 1305, 6251, 19295, 80
2026/09/29 09:35:47.628, 78, 71, 152.04, 1200, 6251, 19295, 81
2026/09/29 09:35:47.728, 78, 71, 149.94, 1245, 6251, 19295, 80
2026/09/29 09:35:47.829, 78, 71, 152.12, 1335, 6251, 19295, 80
2026/09/29 09:35:47.929, 78, 70, 151.23, 1215, 6251, 19295, 80
2026/09/29 09:35:48.031, 78, 70, 148.70, 1275, 6251, 19295, 80
2026/09/29 09:35:48.131, 87, 78, 148.64, 1350, 6251, 19295, 80
2026/09/29 09:35:48.231, 87, 78, 148.53, 1245, 6251, 19295, 80
2026/09/29 09:35:48.331, 82, 75, 150.66, 1305, 6251, 19295, 80
2026/09/29 09:35:48.431, 82, 75, 150.78, 1215, 6251, 19295, 81
2026/09/29 09:35:48.531, 78, 71, 148.51, 1245, 6251, 19295, 80
2026/09/29 09:35:48.632, 78, 71, 150.14, 1395, 6251, 19295, 80
2026/09/29 09:35:48.732, 73, 66, 149.21, 1245, 6251, 19295, 80
2026/09/29 09:35:48.832, 73, 66, 150.76, 1320, 6251, 19295, 80
2026/09/29 09:35:48.932, 85, 76, 151.40, 1215, 6251, 19295, 80
2026/09/29 09:35:49.032, 85, 76, 148.83, 1245, 6251, 19295, 80
2026/09/29 09:35:49.132, 89, 79, 152.76, 1320, 6251, 19295, 80
2026/09/29 09:35:49.233, 89, 79, 150.97, 1305, 6251, 19295, 80
2026/09/29 09:35:49.333, 79, 71, 154.05, 1320, 6251, 19295, 80
2026/09/29 09:35:49.433, 79, 71, 154.34, 1215, 6251, 19295, 80
2026/09/29 09:35:49.533, 79, 72, 150.86, 1260, 6251, 19295, 80
2026/09/29 09:35:49.633, 79, 72, 154.23, 1335, 6251, 19295, 80
2026/09/29 09:35:49.733, 78, 71, 153.24, 1245, 6251, 19295, 80
2026/09/29 09:35:49.833, 78, 71, 152.10, 1335, 6251, 19295, 81
2026/09/29 09:35:49.934, 83, 75, 153.90, 1140, 6251, 19295, 81
2026/09/29 09:35:50.034, 83, 75, 149.77, 1245, 6251, 19295, 80
2026/09/29 09:35:50.134, 88, 78, 152.36, 1305, 6251, 19295, 80
2026/09/29 09:35:50.234, 88, 78, 151.66, 1215, 6251, 19295, 80
2026/09/29 09:35:50.334, 80, 73, 149.40, 1290, 6251, 19295, 80
2026/09/29 09:35:50.434, 80, 73, 147.72, 1320, 6251, 19295, 80
2026/09/29 09:35:50.534, 78, 72, 146.95, 1230, 6251, 19295, 81
2026/09/29 09:35:50.635, 78, 72, 150.27, 1260, 6251, 19295, 80
2026/09/29 09:35:50.735, 86, 77, 149.75, 1305, 6251, 19295, 81
2026/09/29 09:35:50.835, 86, 77, 149.15, 1215, 6251, 19295, 81
2026/09/29 09:35:50.935, 85, 77, 148.79, 1305, 6251, 19295, 80
2026/09/29 09:35:51.035, 85, 77, 148.96, 1230, 6251, 19295, 80
2026/09/29 09:35:51.135, 75, 68, 148.50, 1245, 6251, 19295, 81
2026/09/29 09:35:51.235, 75, 68, 148.71, 1290, 6251, 19295, 81
2026/09/29 09:35:51.336, 78, 71, 148.71, 1230, 6251, 19295, 81
2026/09/29 09:35:51.436, 78, 71, 148.98, 1275, 6251, 19295, 81
2026/09/29 09:35:51.536, 87, 78, 148.76, 1350, 6251, 19295, 81
2026/09/29 09:35:51.636, 87, 78, 149.25, 1245, 6251, 19295, 81
2026/09/29 09:35:51.736, 82, 74, 147.99, 1290, 6251, 19295, 81
2026/09/29 09:35:51.836, 82, 74, 148.37, 1245, 6251, 19295, 81
2026/09/29 09:35:51.936, 78, 71, 147.01, 1230, 6251, 19295, 81
2026/09/29 09:35:52.037, 78, 71, 149.08, 1320, 6251, 19295, 80
2026/09/29 09:35:52.137, 79, 70, 148.22, 1200, 6251, 19295, 81
2026/09/29 09:35:52.237, 79, 70, 148.44, 1260, 6251, 19295, 81
2026/09/29 09:35:52.337, 87, 78, 148.91, 1305, 6251, 19295, 80
2026/09/29 09:35:52.437, 87, 78, 147.81, 1245, 6251, 19295, 81
2026/09/29 09:35:52.537, 86, 78, 151.98, 1275, 6251, 19295, 80
2026/09/29 09:35:52.638, 86, 78, 150.77, 1185, 6251, 19295, 81
2026/09/29 09:35:52.738, 78, 71, 148.48, 1245, 6251, 19295, 80
2026/09/29 09:35:52.838, 78, 71, 149.68, 1320, 6251, 19295, 80
2026/09/29 09:35:52.938, 79, 72, 148.90, 1350, 6251, 19295, 81
2026/09/29 09:35:53.038, 79, 72, 149.13, 1230, 6251, 19295, 80
2026/09/29 09:35:53.138, 87, 78, 149.61, 1305, 6251, 19295, 81
2026/09/29 09:35:53.239, 87, 78, 148.23, 1245, 6251, 19295, 81
2026/09/29 09:35:53.339, 87, 76, 152.16, 1290, 6251, 19295, 81
2026/09/29 09:35:53.439, 87, 76, 150.78, 1275, 6251, 19295, 81
2026/09/29 09:35:53.539, 84, 76, 152.34, 1245, 6251, 19295, 81
2026/09/29 09:35:53.639, 84, 76, 151.74, 1290, 6251, 19295, 81
2026/09/29 09:35:53.739, 77, 70, 149.12, 1200, 6251, 19295, 81
2026/09/29 09:35:53.839, 77, 70, 152.01, 1290, 6251, 19295, 80
2026/09/29 09:35:53.940, 78, 71, 150.80, 1290, 6251, 19295, 81
2026/09/29 09:35:54.040, 78, 71, 150.14, 1245, 6251, 19295, 81
2026/09/29 09:35:54.140, 85, 77, 153.15, 1290, 6251, 19295, 81
2026/09/29 09:35:54.240, 85, 77, 149.57, 1155, 6251, 19295, 81
2026/09/29 09:35:54.342, 89, 79, 151.37, 1245, 6251, 19295, 80
2026/09/29 09:35:54.442, 89, 79, 150.72, 1320, 6251, 19295, 81
2026/09/29 09:35:54.543, 80, 73, 147.74, 1215, 6251, 19295, 80
2026/09/29 09:35:54.643, 80, 73, 148.37, 1275, 6251, 19295, 80
2026/09/29 09:35:54.743, 79, 72, 147.42, 1275, 6251, 19295, 81
2026/09/29 09:35:54.843, 79, 72, 149.63, 1245, 6251, 19295, 80
2026/09/29 09:35:54.943, 81, 73, 149.31, 1320, 6251, 19295, 81
2026/09/29 09:35:55.043, 81, 73, 147.50, 1215, 6251, 19295, 81
2026/09/29 09:35:55.144, 89, 79, 148.89, 1275, 6251, 19295, 81
2026/09/29 09:35:55.244, 89, 79, 147.94, 1350, 6251, 19295, 81
2026/09/29 09:35:55.344, 80, 73, 148.68, 1245, 6251, 19295, 81
2026/09/29 09:35:55.444, 80, 73, 148.94, 1290, 6251, 19295, 81
2026/09/29 09:35:55.544, 79, 72, 148.01, 1230, 6251, 19295, 81
2026/09/29 09:35:55.644, 79, 72, 152.66, 1230, 6251, 19295, 81
2026/09/29 09:35:55.744, 84, 74, 151.49, 1275, 6251, 19295, 81
2026/09/29 09:35:55.845, 84, 74, 148.40, 1200, 6251, 19295, 81
2026/09/29 09:35:55.945, 89, 79, 149.74, 1245, 6251, 19295, 80
2026/09/29 09:35:56.045, 89, 79, 149.36, 1335, 6251, 19295, 81
2026/09/29 09:35:56.145, 78, 71, 150.24, 1230, 6251, 19295, 81
2026/09/29 09:35:56.245, 78, 71, 150.56, 1305, 6251, 19295, 81
2026/09/29 09:35:56.345, 78, 71, 149.04, 1245, 6251, 19295, 81
2026/09/29 09:35:56.448, 78, 71, 152.39, 1245, 6251, 19295, 81
2026/09/29 09:35:56.548, 81, 72, 151.39, 1335, 6251, 19295, 81
2026/09/29 09:35:56.648, 81, 72, 149.84, 1215, 6251, 19295, 80
2026/09/29 09:35:56.748, 89, 79, 149.26, 1275, 6251, 19295, 80
2026/09/29 09:35:56.848, 89, 79, 149.42, 1320, 6251, 19295, 81
2026/09/29 09:35:56.949, 80, 73, 151.46, 1230, 6251, 19295, 81
2026/09/29 09:35:57.049, 80, 73, 151.53, 1305, 6251, 19295, 81
2026/09/29 09:35:57.149, 78, 71, 150.18, 1110, 6251, 19295, 81
2026/09/29 09:35:57.249, 78, 71, 152.43, 1320, 6251, 19295, 81
2026/09/29 09:35:57.349, 74, 65, 150.68, 1110, 6251, 19295, 81
2026/09/29 09:35:57.449, 74, 65, 155.12, 1245, 6251, 19295, 81
2026/09/29 09:35:57.550, 78, 69, 153.60, 1305, 6251, 19295, 81
2026/09/29 09:35:57.650, 78, 69, 150.22, 1215, 6251, 19295, 81
2026/09/29 09:35:57.750, 87, 78, 153.97, 1290, 6251, 19295, 81
2026/09/29 09:35:57.850, 87, 78, 152.87, 1275, 6251, 19295, 81
2026/09/29 09:35:57.950, 84, 76, 153.52, 1245, 6251, 19295, 81
2026/09/29 09:35:58.050, 84, 76, 155.14, 1260, 6251, 19295, 81
2026/09/29 09:35:58.151, 79, 71, 151.31, 1140, 6251, 19295, 81
2026/09/29 09:35:58.251, 79, 71, 153.29, 1245, 6251, 19295, 80
2026/09/29 09:35:58.351, 77, 70, 152.26, 1350, 6251, 19295, 81
2026/09/29 09:35:58.451, 77, 70, 150.63, 1245, 6251, 19295, 81
2026/09/29 09:35:58.552, 83, 75, 149.12, 1290, 6251, 19295, 81
2026/09/29 09:35:58.652, 83, 75, 146.26, 1170, 6251, 19295, 81
2026/09/29 09:35:58.752, 88, 78, 150.08, 1245, 6251, 19295, 81
2026/09/29 09:35:58.852, 88, 78, 148.81, 1335, 6251, 19295, 81
2026/09/29 09:35:58.952, 80, 73, 146.67, 1230, 6251, 19295, 81
2026/09/29 09:35:59.053, 80, 73, 147.20, 1275, 6251, 19295, 81
2026/09/29 09:35:59.153, 80, 73, 146.36, 1230, 6251, 19295, 81
2026/09/29 09:35:59.253, 80, 73, 149.24, 1230, 6251, 19295, 81
2026/09/29 09:35:59.353, 87, 77, 149.73, 1320, 6251, 19295, 81
2026/09/29 09:35:59.453, 87, 77, 149.88, 1260, 6251, 19295, 81
2026/09/29 09:35:59.553, 84, 77, 151.22, 1140, 6251, 19295, 81
2026/09/29 09:35:59.653, 84, 77, 150.10, 1245, 6251, 19295, 81
2026/09/29 09:35:59.754, 81, 72, 152.57, 1275, 6251, 19295, 81
2026/09/29 09:35:59.854, 81, 72, 149.96, 1170, 6251, 19295, 81
2026/09/29 09:35:59.954, 93, 82, 150.05, 1245, 6251, 19295, 81
2026/09/29 09:36:00.054, 93, 82, 152.57, 1260, 6251, 19295, 81
2026/09/29 09:36:00.154, 86, 78, 149.52, 1170, 6251, 19295, 81
2026/09/29 09:36:00.254, 86, 78, 150.39, 1215, 6251, 19295, 81
2026/09/29 09:36:00.355, 82, 74, 150.66, 1185, 6251, 19295, 81
2026/09/29 09:36:00.455, 82, 74, 148.46, 1230, 6251, 19295, 81
2026/09/29 09:36:00.555, 89, 79, 149.16, 1155, 6251, 19295, 81
2026/09/29 09:36:00.658, 89, 79, 150.33, 1170, 6251, 19295, 81
2026/09/29 09:36:00.758, 87, 78, 149.54, 1230, 6251, 19295, 81
2026/09/29 09:36:00.858, 87, 78, 148.42, 1290, 6251, 19295, 81
2026/09/29 09:36:00.958, 89, 78, 151.12, 1215, 6251, 19295, 81
2026/09/29 09:36:01.058, 89, 78, 150.80, 1275, 6251, 19295, 81
2026/09/29 09:36:01.159, 80, 72, 148.83, 1245, 6251, 19295, 81
2026/09/29 09:36:01.259, 80, 72, 151.97, 1230, 6251, 19295, 81
2026/09/29 09:36:01.359, 83, 76, 151.23, 1665, 6251, 19295, 81
2026/09/29 09:36:01.459, 83, 76, 143.85, 1680, 6251, 19295, 80
2026/09/29 09:36:01.560, 0, 0, 138.62, 1680, 6251, 19295, 79
2026/09/29 09:36:01.660, 0, 0, 131.53, 1695, 6251, 19295, 78
2026/09/29 09:36:01.760, 0, 0, 124.81, 1695, 6251, 19295, 78
2026/09/29 09:36:01.861, 0, 0, 118.60, 1695, 6251, 19295, 78
2026/09/29 09:36:01.961, 0, 0, 113.42, 1695, 6251, 19295, 78
2026/09/29 09:36:02.061, 0, 0, 106.33, 1695, 6251, 19295, 77
2026/09/29 09:36:02.161, 0, 0, 99.86, 1695, 6251, 19295, 77
2026/09/29 09:36:02.261, 0, 0, 95.23, 1695, 6251, 19295, 77
2026/09/29 09:36:02.362, 0, 0, 87.33, 1695, 6251, 19295, 77
2026/09/29 09:36:02.462, 0, 0, 87.33, 1695, 6251, 19295, 77
2026/09/29 09:36:02.562, 0, 0, 87.33, 1695, 6251, 19295, 77
2026/09/29 09:36:02.662, 0, 0, 87.33, 1695, 6251, 19295, 77
