epoch,memory_mib,gpu_util_pct,power_w
1790670634.869476940,19195,0,74.14
1790670635.889226635,19233,86,126.98
1790670636.915879426,19233,82,147.13
1790670637.938081427,19233,93,147.41
1790670638.960334826,19233,89,153.30
1790670639.982954060,19233,87,152.64
1790670641.005680159,19233,82,149.50
1790670642.028961866,19233,82,152.94
1790670643.051456270,19233,82,144.70
1790670644.074112448,19233,86,151.66
1790670645.097006182,19247,100,129.71
1790670646.118060288,19247,100,149.71
1790670647.138811163,19247,100,150.27
1790670648.159657766,19247,100,149.53
1790670649.180607598,19261,77,138.82
1790670650.201521850,19261,100,148.75
1790670651.222698838,19261,100,150.44
1790670652.243400769,19261,100,150.14
1790670653.264399857,19261,100,136.48
1790670654.285085433,19263,33,127.64
1790670655.307719944,19263,88,154.10
1790670656.329105922,19263,86,149.69
1790670657.351368557,19263,82,150.97
1790670658.374020181,19263,88,132.75
1790670659.396785055,19263,100,144.40
1790670660.416722506,19283,84,140.93
1790670661.439786672,19283,82,148.93
1790670662.462216691,19283,90,141.38
1790670663.483864467,19283,81,148.49
1790670664.504915420,19283,54,145.04
1790670665.527207388,19283,93,136.58
1790670666.547867782,19283,82,143.22
1790670667.570554845,19283,92,128.58
1790670668.591660169,19283,81,151.71
1790670669.614921904,19283,88,152.22
1790670670.637616621,19283,8,138.71
1790670671.658426064,19283,91,137.61
1790670672.685884232,19283,81,149.32
1790670673.708158573,19283,90,145.15
1790670674.729242849,19283,100,130.24
1790670675.749884842,19283,90,147.38
1790670676.772683881,19283,90,149.43
1790670677.795948790,19283,87,151.15
1790670678.816641299,19283,82,147.24
1790670679.838067773,19283,82,149.78
1790670680.860800618,19283,100,138.17
1790670681.881444333,19283,85,149.92
1790670682.903730484,19283,82,150.29
1790670683.926270431,19283,82,147.92
1790670684.947669671,19283,91,149.43
1790670685.969957813,19283,82,150.46
1790670686.992579900,19283,89,147.80
1790670688.013758004,19283,82,148.49
1790670689.037194679,19283,82,149.70
1790670690.059628117,19283,82,144.36
1790670691.080678031,19283,90,148.71
1790670692.103914551,19283,82,148.73
1790670693.126547014,19283,76,150.26
1790670694.149903627,19283,100,139.46
1790670695.170803065,19283,98,149.03
1790670696.191872493,19283,100,149.60
1790670697.212951236,19283,100,143.70
1790670698.234784044,19283,100,149.57
1790670699.255067911,19283,85,143.57
1790670700.278105812,19283,89,148.45
1790670701.301310363,19283,100,139.84
1790670702.322634852,19283,80,147.37
1790670703.344864874,19283,81,148.86
1790670704.366778290,19283,23,135.54
1790670705.388348832,19283,81,150.77
1790670706.409213875,19283,83,148.52
1790670707.438359564,19283,88,148.46
1790670708.460279293,19283,91,149.57
1790670709.487942290,19283,89,149.44
1790670710.510169799,19283,82,147.24
1790670711.533056896,19283,82,148.36
1790670712.556487670,19283,85,150.58
1790670713.579706856,19283,81,149.60
1790670714.603191748,19283,82,147.95
1790670715.625549937,19283,82,149.12
1790670716.648222210,19283,82,148.39
1790670717.670533661,19283,100,135.37
1790670718.691875314,19283,100,151.83
1790670719.712808332,19283,100,150.04
1790670720.734966780,19283,100,145.62
1790670721.756110986,19283,100,144.96
1790670722.776777531,19283,84,143.96
1790670723.799994496,19283,83,146.44
1790670724.821798845,19283,82,149.04
1790670725.844723002,19283,85,150.11
1790670726.867696322,19283,84,149.51
1790670727.890977766,19283,82,148.57
1790670728.913812598,19283,79,149.18
1790670729.936818159,19283,92,146.12
1790670730.959370409,19283,82,147.38
1790670731.981426586,19283,82,147.08
1790670733.004479882,19283,82,150.04
1790670734.028726654,19283,90,147.21
1790670735.051492998,19283,91,147.62
1790670736.073795371,19283,85,146.56
1790670737.096800650,19283,87,147.83
1790670738.120178947,19283,85,149.34
1790670739.144516924,19283,90,150.42
1790670740.167886721,19283,80,144.64
1790670741.191759669,19283,82,145.93
1790670742.214618804,19283,86,149.76
1790670743.239521049,19283,91,147.76
1790670744.260683832,19283,91,148.90
1790670745.283688436,19283,82,144.08
1790670746.306933266,19283,85,148.29
1790670747.330786182,19283,84,144.93
1790670748.353699144,19283,82,146.51
